name,n_X_atoms,compatible_net_block,rmsds,testable_nets,n_compatible_net_block,n_testable_nets,rounded_determinant,alias
APAZEY_clean_linker_0,3,"[('zzz', '0'), ('dag', '1')]","[0.4525780835570736, 0.4525202672751087, 0.460403796915872, 0.39744215898684715, 0.4894437414555555, 0.4606503328359631, 0.4687878589552015, 0.39527356428746724, 0.4894437316217745, 0.39738866782180143, 0.4893599027105546, 0.39823451166526425, 0.37869156877297555, 0.3861185268973528, 0.2922716491148078, 0.3972480435656633, 0.3455988276184938, 0.34428431833626416, 0.48944373162177385, 0.433184865509659, 0.48944373839319893, 0.4894437414555555, 0.46859760169802395, 0.4603443652898178, 0.4508353317848736, 0.3983998712570743, 0.4605046945608643, 0.4894437316217742, 0.2850465041009922, 0.4894437414555555, 0.46891348490082346, 0.4894437414555555, 0.4687493671046957, 0.4894437378833589, 0.4894437414555555, 0.45072446456410753, 0.3975065388389727, 0.3875195016489423, 0.398854691944742, 0.449178294724466]","['bpr', 'bpr', 'ant', 'ant', 'hwx', 'hwx', 'pyr', 'pyr', 'tsx', 'tsx', 'gea', 'gea', 'jxj', 'jxj', 'rht', 'rht', 'gfy', 'gfy', 'fon', 'fon', 'apo', 'apo', 'bwt', 'bwt', 'zzz', 'zzz', 'rtl', 'rtl', 'ana-f', 'ana-f', 'bor', 'bor', 'llk', 'llk', 'ctn', 'ctn', 'ttt', 'ttt', 'wyt', 'wyt', 'anh', 'anh', 'xmz', 'xmz', 'sit', 'sit', 'txt', 'txt', 'spn', 'spn', 'dag', 'dag', 'tbo', 'tbo', 'gez', 'gez', 'pry', 'pry', 'eea', 'eea', 'pto', 'pto', 'the', 'the', 'wys', 'wys', 'llj', 'llj', 'sab', 'sab', 'cml', 'cml', 'eee', 'eee']",2,74,-2.3217649999999997e+37,orgN0
AZAVOO_clean_linker_0,4,"[('soc', '0'), ('ssb', '0'), ('ssb', '1'), ('ptr', '1'), ('cds-b', '0'), ('cds-b', '1'), ('she', '0'), ('scu', '1'), ('shp', '0'), ('sqc', '0'), ('ftw', '0'), ('tbo', '1'), ('pto', '1'), ('nom', '0'), ('ssc', '0'), ('csq', '0'), ('pts', '0'), ('pth', '1'), ('fgl', '0'), ('myd', '0'), ('edc', '0'), ('stp', '0'), ('wbl', '0'), ('ssa', '1')]","[0.3141882950255779, 0.22069802376054326, 0.5327873387430702, 0.2739495281024497, 0.27395017964003476, 0.47746718464519766, 0.4774672132985418, 0.4029545229200093, 0.31095311974148104, 0.23633720211014186, 0.22069802303655917, 0.22069802376054376, 0.22069802376054376, 0.2739493364618979, 0.3155576298100118, 0.27393646750289263, 0.2223687150017339, 0.22069802376054326, 0.5328038493050736, 0.4714968736359999, 0.5121847493583754, 0.2739662617197576, 0.4029545277213761, 0.22069802376054326, 0.2798638350473996, 0.3864535767278376, 0.2694804196777881, 0.533357768762034, 0.27399631887735276, 0.2739493364618979, 0.5328035145763779, 0.3782810554808435, 0.27402528036610263, 0.29620044816556135, 0.4029468155664457, 0.4029545229200093, 0.40295452644216667, 0.3750187568299487, 0.19541341141966984, 0.5328038493050743, 0.2674299914590096, 0.47149861129205606, 0.27398807327836516, 0.16223518082547136, 0.4474821859598314, 0.4164722845692334, 0.2738446032211214, 0.367597126770493, 0.42424047350543537]","['cor', 'cor', 'soc', 'soc', 'ken', 'ken', 'ssb', 'ssb', 'sod-b', 'sod-b', 'twf', 'twf', 'ptr', 'ptr', 'cds-b', 'cds-b', 'she', 'she', 'scu', 'scu', 'hea', 'hea', 'shp', 'shp', 'sqc', 'sqc', 'ftw', 'ftw', 'toc', 'toc', 'bor', 'bor', 'ctn', 'ctn', 'tbo', 'tbo', 'iac', 'iac', 'pto', 'pto', 'nom', 'nom', 'ssc', 'ssc', 'csq', 'csq', 'pts', 'pts', 'pth', 'pth', 'fgl', 'fgl', 'ith', 'ith', 'gar', 'gar', 'ifi', 'ifi', 'myd', 'myd', 'flu', 'flu', 'edc', 'edc', 'ibd', 'ibd', 'stp', 'stp', 'wbl', 'wbl', 'ssa', 'ssa', 'icd', 'icd']",24,74,-6.196939000000005e+102,orgN1
BELTOD_clean_linker_0,3,"[('bpr', '0'), ('bpr', '1'), ('ant', '0'), ('hwx', '1'), ('pyr', '0'), ('tsx', '1'), ('gea', '1'), ('jxj', '0'), ('rht', '1'), ('gfy', '0'), ('fon', '0'), ('apo', '0'), ('bwt', '0'), ('bwt', '1'), ('zzz', '0'), ('rtl', '0'), ('ana-f', '0'), ('ana-f', '1'), ('bor', '0'), ('llk', '0'), ('ctn', '0'), ('ttt', '0'), ('wyt', '1'), ('anh', '1'), ('xmz', '0'), ('sit', '0'), ('txt', '1'), ('spn', '0'), ('dag', '1'), ('tbo', '0'), ('gez', '0'), ('pry', '0'), ('eea', '0'), ('pto', '0'), ('the', '0'), ('wys', '1'), ('llj', '1'), ('sab', '0'), ('cml', '0'), ('eee', '0')]","[0.07114739814133682, 0.07131905769769446, 0.049348555883460966, 0.07666359960983515, 0.02303024223958569, 0.048704366335750746, 0.028832355975895126, 0.07846396769736454, 0.023030224286903617, 0.07671803897403427, 0.02287731135634084, 0.07584407788528905, 0.15350405714671195, 0.15096013689977053, 0.20549576208794082, 0.07686116519780486, 0.13029638818759967, 0.1317043005888988, 0.023030224286903617, 0.14499002372881775, 0.02303024136441325, 0.023030242239592116, 0.029268613144401868, 0.04950418050943261, 0.07640190792625676, 0.07568895119903424, 0.04908456227784793, 0.023030224286903617, 0.1906740001415441, 0.023030242239592116, 0.028554952125404983, 0.02303024223958569, 0.028913379822700376, 0.023030242319860283, 0.023030242239592116, 0.07674188455978098, 0.0765980764156087, 0.08616524953307, 0.07522593290748612, 0.07420803012451793]","['bpr', 'bpr', 'ant', 'ant', 'hwx', 'hwx', 'pyr', 'pyr', 'tsx', 'tsx', 'gea', 'gea', 'jxj', 'jxj', 'rht', 'rht', 'gfy', 'gfy', 'fon', 'fon', 'apo', 'apo', 'bwt', 'bwt', 'zzz', 'zzz', 'rtl', 'rtl', 'ana-f', 'ana-f', 'bor', 'bor', 'llk', 'llk', 'ctn', 'ctn', 'ttt', 'ttt', 'wyt', 'wyt', 'anh', 'anh', 'xmz', 'xmz', 'sit', 'sit', 'txt', 'txt', 'spn', 'spn', 'dag', 'dag', 'tbo', 'tbo', 'gez', 'gez', 'pry', 'pry', 'eea', 'eea', 'pto', 'pto', 'the', 'the', 'wys', 'wys', 'llj', 'llj', 'sab', 'sab', 'cml', 'cml', 'eee', 'eee']",40,74,1.235825e+43,orgN2
BETDAH_clean_linker_0,3,"[('bpr', '0'), ('bpr', '1'), ('ant', '0'), ('hwx', '1'), ('pyr', '0'), ('tsx', '1'), ('gea', '1'), ('jxj', '0'), ('rht', '1'), ('gfy', '0'), ('fon', '0'), ('apo', '0'), ('bwt', '0'), ('bwt', '1'), ('zzz', '0'), ('rtl', '0'), ('ana-f', '0'), ('ana-f', '1'), ('bor', '0'), ('llk', '0'), ('ctn', '0'), ('ttt', '0'), ('wyt', '1'), ('anh', '1'), ('xmz', '0'), ('sit', '0'), ('txt', '1'), ('spn', '0'), ('dag', '1'), ('tbo', '0'), ('gez', '0'), ('pry', '0'), ('eea', '0'), ('pto', '0'), ('the', '0'), ('wys', '1'), ('llj', '1'), ('sab', '0'), ('cml', '0'), ('eee', '0')]","[0.15596498919459262, 0.15592121317270183, 0.1629779191261307, 0.1067035907018596, 0.19876134249706529, 0.16322839096690767, 0.17222031135234606, 0.10349529111567665, 0.1987613291670734, 0.10665195062800271, 0.19864771236862838, 0.10743973012367164, 0.1009740494730191, 0.10803375345377456, 0.04678009157244706, 0.10651622731862154, 0.04788803063448455, 0.04644641988528409, 0.1987613291670734, 0.154869489881598, 0.1987613400468672, 0.19876134249706456, 0.17199612915018941, 0.1629177660897805, 0.1547089959727773, 0.10762872907172856, 0.1630802436392596, 0.1987613291670734, 0.03975258362471836, 0.19876134249706529, 0.1723680253646192, 0.19876134249706529, 0.1721753606243316, 0.19876134003613075, 0.19876134249706606, 0.1546337167750232, 0.10676574167088977, 0.09473650413999454, 0.10806805327360301, 0.15270517024951535]","['bpr', 'bpr', 'ant', 'ant', 'hwx', 'hwx', 'pyr', 'pyr', 'tsx', 'tsx', 'gea', 'gea', 'jxj', 'jxj', 'rht', 'rht', 'gfy', 'gfy', 'fon', 'fon', 'apo', 'apo', 'bwt', 'bwt', 'zzz', 'zzz', 'rtl', 'rtl', 'ana-f', 'ana-f', 'bor', 'bor', 'llk', 'llk', 'ctn', 'ctn', 'ttt', 'ttt', 'wyt', 'wyt', 'anh', 'anh', 'xmz', 'xmz', 'sit', 'sit', 'txt', 'txt', 'spn', 'spn', 'dag', 'dag', 'tbo', 'tbo', 'gez', 'gez', 'pry', 'pry', 'eea', 'eea', 'pto', 'pto', 'the', 'the', 'wys', 'wys', 'llj', 'llj', 'sab', 'sab', 'cml', 'cml', 'eee', 'eee']",40,74,3.345438e+16,orgN3
BETDEL_clean_linker_0,3,"[('zzz', '0'), ('ana-f', '0'), ('ana-f', '1'), ('dag', '1')]","[0.38200813254829985, 0.3819523390572337, 0.38967413977885496, 0.3262251843479729, 0.4192829203245295, 0.3899188232926205, 0.39807841454121456, 0.3239775839017461, 0.41928291011503177, 0.32617115621578396, 0.41919588149318016, 0.3270239442811621, 0.30922554396345786, 0.31677686191770005, 0.22159979454692483, 0.3260291216272214, 0.27359291393964824, 0.27226507872406563, 0.41928291011503105, 0.36469911924913523, 0.41928291727418104, 0.4192829203245295, 0.3978860174342664, 0.38961517969568954, 0.3803328888863424, 0.3271925225657497, 0.3897742584821719, 0.4192829101150315, 0.21289914849217012, 0.4192829203245295, 0.3982054956731204, 0.4192829203245295, 0.39803948045034176, 0.4192829167964662, 0.4192829203245295, 0.38022678962595274, 0.32629021027643307, 0.3160876831446366, 0.3276519012547176, 0.3786086915579007]","['bpr', 'bpr', 'ant', 'ant', 'hwx', 'hwx', 'pyr', 'pyr', 'tsx', 'tsx', 'gea', 'gea', 'jxj', 'jxj', 'rht', 'rht', 'gfy', 'gfy', 'fon', 'fon', 'apo', 'apo', 'bwt', 'bwt', 'zzz', 'zzz', 'rtl', 'rtl', 'ana-f', 'ana-f', 'bor', 'bor', 'llk', 'llk', 'ctn', 'ctn', 'ttt', 'ttt', 'wyt', 'wyt', 'anh', 'anh', 'xmz', 'xmz', 'sit', 'sit', 'txt', 'txt', 'spn', 'spn', 'dag', 'dag', 'tbo', 'tbo', 'gez', 'gez', 'pry', 'pry', 'eea', 'eea', 'pto', 'pto', 'the', 'the', 'wys', 'wys', 'llj', 'llj', 'sab', 'sab', 'cml', 'cml', 'eee', 'eee']",4,74,-1.704277e+29,orgN4
BETDIP_clean_linker_0,3,"[('bpr', '0'), ('bpr', '1'), ('ant', '0'), ('hwx', '1'), ('pyr', '0'), ('tsx', '1'), ('gea', '1'), ('jxj', '0'), ('rht', '1'), ('gfy', '0'), ('fon', '0'), ('apo', '0'), ('bwt', '0'), ('bwt', '1'), ('zzz', '0'), ('rtl', '0'), ('ana-f', '0'), ('ana-f', '1'), ('bor', '0'), ('llk', '0'), ('ctn', '0'), ('ttt', '0'), ('wyt', '1'), ('anh', '1'), ('xmz', '0'), ('sit', '0'), ('txt', '1'), ('spn', '0'), ('dag', '1'), ('tbo', '0'), ('gez', '0'), ('pry', '0'), ('eea', '0'), ('pto', '0'), ('the', '0'), ('wys', '1'), ('llj', '1'), ('sab', '0'), ('cml', '0'), ('eee', '0')]","[0.1639187088349877, 0.16387829913567867, 0.17045168802791225, 0.11150209448461211, 0.20453494479377943, 0.17068660403023514, 0.17916646906688125, 0.10845429566170792, 0.20453493196263456, 0.11144933186791015, 0.20442556958606214, 0.11225997853669056, 0.10933576985135805, 0.11644521957867784, 0.04963440912475996, 0.1113106486817391, 0.05347763399481838, 0.0520541350228817, 0.20453493196263384, 0.16340024966003092, 0.20453494221394902, 0.20453494479377798, 0.17895425721153913, 0.17039528269090792, 0.16276233798375203, 0.11244713844694566, 0.1705476458341327, 0.20453493196263312, 0.03263233271901327, 0.20453494479377943, 0.17930655830791323, 0.20453494479377943, 0.17912373811420285, 0.20453494211508566, 0.20453494479377868, 0.16269325379655197, 0.11156559596405131, 0.0997775828913038, 0.112895861651548, 0.16071454024131462]","['bpr', 'bpr', 'ant', 'ant', 'hwx', 'hwx', 'pyr', 'pyr', 'tsx', 'tsx', 'gea', 'gea', 'jxj', 'jxj', 'rht', 'rht', 'gfy', 'gfy', 'fon', 'fon', 'apo', 'apo', 'bwt', 'bwt', 'zzz', 'zzz', 'rtl', 'rtl', 'ana-f', 'ana-f', 'bor', 'bor', 'llk', 'llk', 'ctn', 'ctn', 'ttt', 'ttt', 'wyt', 'wyt', 'anh', 'anh', 'xmz', 'xmz', 'sit', 'sit', 'txt', 'txt', 'spn', 'spn', 'dag', 'dag', 'tbo', 'tbo', 'gez', 'gez', 'pry', 'pry', 'eea', 'eea', 'pto', 'pto', 'the', 'the', 'wys', 'wys', 'llj', 'llj', 'sab', 'sab', 'cml', 'cml', 'eee', 'eee']",40,74,-3.898633e+16,orgN5
CEKHIL_clean_linker_0,4,"[('ssc', '1'), ('ssa', '0'), ('icd', '1')]","[0.5803076541828732, 0.6031396501011451, 0.697582922300909, 0.4471395324799933, 0.44713851389800197, 0.536152955201296, 0.5361529566236707, 0.631746407094195, 0.5354940413899472, 0.47500339223563665, 0.6031396217042387, 0.6031396501011465, 0.6031396501011462, 0.44713983208233504, 0.5633576744017943, 0.4471599517562686, 0.572473645225358, 0.603139650101145, 0.6975854297592523, 0.3709863436613935, 0.6506216704021852, 0.4471133734240172, 0.6317464538527182, 0.6031396501011451, 0.43264627483237383, 0.5504368774590983, 0.4174965108287812, 0.09178566688644063, 0.4470663938028598, 0.4471398320823368, 0.6975847649037056, 0.5354385183124104, 0.44702113600225285, 0.4145712560546674, 0.6317267275136441, 0.631746407094195, 0.6317463946780207, 0.4661821447796066, 0.5196278537010457, 0.6975854297592525, 0.5861527954092517, 0.37097247720205634, 0.447066807603284, 0.5524289187043405, 0.46600542203578593, 0.275700666894916, 0.4473036271956473, 0.6171701278696498, 0.27972524021039513]","['cor', 'cor', 'soc', 'soc', 'ken', 'ken', 'ssb', 'ssb', 'sod-b', 'sod-b', 'twf', 'twf', 'ptr', 'ptr', 'cds-b', 'cds-b', 'she', 'she', 'scu', 'scu', 'hea', 'hea', 'shp', 'shp', 'sqc', 'sqc', 'ftw', 'ftw', 'toc', 'toc', 'bor', 'bor', 'ctn', 'ctn', 'tbo', 'tbo', 'iac', 'iac', 'pto', 'pto', 'nom', 'nom', 'ssc', 'ssc', 'csq', 'csq', 'pts', 'pts', 'pth', 'pth', 'fgl', 'fgl', 'ith', 'ith', 'gar', 'gar', 'ifi', 'ifi', 'myd', 'myd', 'flu', 'flu', 'edc', 'edc', 'ibd', 'ibd', 'stp', 'stp', 'wbl', 'wbl', 'ssa', 'ssa', 'icd', 'icd']",3,74,-1.1584230000000001e+52,orgN6
CUKXOW_clean_linker_0,6,"[('mgc', '0'), ('she', '1'), ('htp', '0'), ('anh', '0'), ('gar', '1')]","[0.586675459231781, 0.4380296651320638, 0.5450072467289161, 0.4606110146942464, 0.4973792483690895, 0.4373901994193147, 0.2277609819218232, 0.35434261430636727, 0.1614566338475775, 0.3614594709734406, 0.5921060493460906, 0.5264928361169356, 0.5167073738567967, 0.5625376779550243, 0.36145129336862647, 0.56373610245735, 0.36145947097344017, 0.5264450467961801, 0.28661915352371353, 0.5263368208617618, 0.2666652376086512, 0.4612205509448066, 0.6293304244832305, 0.5126806896684963, 0.4973792483690895, 0.5405020291182754, 0.4512331705437651, 0.4184496065586816, 0.4603017944902721, 0.5779129152207166, 0.2942301895612585, 0.5783327367251291, 0.5339704110947805, 0.5486472092836538, 0.5264794527350354]","['cor', 'cor', 'ant', 'ant', 'soc', 'soc', 'hwx', 'hwx', 'pyr', 'pyr', 'tsx', 'tsx', 'mgc', 'mgc', 'jxj', 'jxj', 'she', 'she', 'ocu', 'ocu', 'nia', 'nia', 'hea', 'hea', 'apo', 'apo', 'zzz', 'zzz', 'rtl', 'rtl', 'toc', 'toc', 'alb', 'alb', 'htp', 'htp', 'anh', 'anh', 'sit', 'sit', 'spn', 'spn', 'dag', 'dag', 'pry', 'pry', 'iac', 'iac', 'eea', 'eea', 'sab', 'sab', 'cml', 'cml', 'tph', 'tph', 'gar', 'gar', 'ifi', 'ifi', 'myd', 'myd', 'ibd', 'ibd', 'stp', 'stp']",5,66,-1.953314e+36,orgN7
CUQRIR_clean_linker_1,3,"[('bpr', '0'), ('bpr', '1'), ('ant', '0'), ('hwx', '1'), ('pyr', '0'), ('tsx', '1'), ('gea', '1'), ('jxj', '0'), ('rht', '1'), ('gfy', '0'), ('fon', '0'), ('apo', '0'), ('bwt', '0'), ('bwt', '1'), ('zzz', '0'), ('rtl', '0'), ('ana-f', '0'), ('ana-f', '1'), ('bor', '0'), ('llk', '0'), ('ctn', '0'), ('ttt', '0'), ('wyt', '1'), ('anh', '1'), ('xmz', '0'), ('sit', '0'), ('txt', '1'), ('spn', '0'), ('dag', '1'), ('tbo', '0'), ('gez', '0'), ('pry', '0'), ('eea', '0'), ('pto', '0'), ('the', '0'), ('wys', '1'), ('llj', '1'), ('sab', '0'), ('cml', '0'), ('eee', '0')]","[0.19126350829856337, 0.19124472460788106, 0.19491336806280582, 0.12492034561705838, 0.21998034147920212, 0.19505958614069033, 0.20071463866260378, 0.1226947631114781, 0.2199803311862523, 0.12486535974749272, 0.21989261712960997, 0.12573421450442934, 0.1444083387937306, 0.1513759726744167, 0.07908622050337749, 0.12472080796734003, 0.07458163439807375, 0.07340872826543074, 0.21998033118624957, 0.19746498074436294, 0.21998033831505626, 0.21998034147920079, 0.20056677978779336, 0.19487836454604476, 0.1907598809059159, 0.12590487294903985, 0.19497299750463964, 0.21998033118625093, 0.010132452711179915, 0.21998034147920145, 0.20081371442305748, 0.21998034147920212, 0.20068387705386048, 0.2199803377978917, 0.21998034147920145, 0.1907323491659274, 0.1249865247295449, 0.1148119822791063, 0.12637245450918158, 0.188440404644955]","['bpr', 'bpr', 'ant', 'ant', 'hwx', 'hwx', 'pyr', 'pyr', 'tsx', 'tsx', 'gea', 'gea', 'jxj', 'jxj', 'rht', 'rht', 'gfy', 'gfy', 'fon', 'fon', 'apo', 'apo', 'bwt', 'bwt', 'zzz', 'zzz', 'rtl', 'rtl', 'ana-f', 'ana-f', 'bor', 'bor', 'llk', 'llk', 'ctn', 'ctn', 'ttt', 'ttt', 'wyt', 'wyt', 'anh', 'anh', 'xmz', 'xmz', 'sit', 'sit', 'txt', 'txt', 'spn', 'spn', 'dag', 'dag', 'tbo', 'tbo', 'gez', 'gez', 'pry', 'pry', 'eea', 'eea', 'pto', 'pto', 'the', 'the', 'wys', 'wys', 'llj', 'llj', 'sab', 'sab', 'cml', 'cml', 'eee', 'eee']",40,74,-3.800822e+16,orgN8
ESEHIV_clean_linker_0,3,"[('bpr', '0'), ('bpr', '1'), ('ant', '0'), ('hwx', '1'), ('pyr', '0'), ('tsx', '1'), ('gea', '1'), ('jxj', '0'), ('rht', '1'), ('gfy', '0'), ('fon', '0'), ('apo', '0'), ('bwt', '0'), ('bwt', '1'), ('zzz', '0'), ('rtl', '0'), ('ana-f', '0'), ('ana-f', '1'), ('bor', '0'), ('llk', '0'), ('ctn', '0'), ('ttt', '0'), ('wyt', '1'), ('anh', '1'), ('xmz', '0'), ('sit', '0'), ('txt', '1'), ('spn', '0'), ('dag', '1'), ('tbo', '0'), ('gez', '0'), ('pry', '0'), ('eea', '0'), ('pto', '0'), ('the', '0'), ('wys', '1'), ('llj', '1'), ('sab', '0'), ('cml', '0'), ('eee', '0')]","[0.0860149429150137, 0.0861884133850703, 0.06387076198927123, 0.0888673954926863, 0.006823396580425699, 0.06321115492661558, 0.04247194332075486, 0.09112533252793303, 0.0068233831839468, 0.08892245740321258, 0.006710483853752179, 0.08805052117665557, 0.17016917067407242, 0.16755991641901802, 0.22126934291151623, 0.08906720905129809, 0.1445814159819808, 0.1460039803380223, 0.0068233831839468, 0.1601979185249336, 0.006823394102812247, 0.006823396580404004, 0.04294117316393492, 0.0640300473925598, 0.0913207403544891, 0.08788146302301682, 0.06360050717132976, 0.0068233831839468, 0.20333732425923098, 0.006823396580425699, 0.04217173600863459, 0.006823396580425699, 0.04256006892632802, 0.006823394085912276, 0.006823396580404004, 0.09166376438883704, 0.08880112416230006, 0.09928335684897192, 0.08741315870411323, 0.08933795772603072]","['bpr', 'bpr', 'ant', 'ant', 'hwx', 'hwx', 'pyr', 'pyr', 'tsx', 'tsx', 'gea', 'gea', 'jxj', 'jxj', 'rht', 'rht', 'gfy', 'gfy', 'fon', 'fon', 'apo', 'apo', 'bwt', 'bwt', 'zzz', 'zzz', 'rtl', 'rtl', 'ana-f', 'ana-f', 'bor', 'bor', 'llk', 'llk', 'ctn', 'ctn', 'ttt', 'ttt', 'wyt', 'wyt', 'anh', 'anh', 'xmz', 'xmz', 'sit', 'sit', 'txt', 'txt', 'spn', 'spn', 'dag', 'dag', 'tbo', 'tbo', 'gez', 'gez', 'pry', 'pry', 'eea', 'eea', 'pto', 'pto', 'the', 'the', 'wys', 'wys', 'llj', 'llj', 'sab', 'sab', 'cml', 'cml', 'eee', 'eee']",40,74,-71871140000.0,orgN9
GIZVER_clean_linker_0,4,"[('soc', '0'), ('ssb', '0'), ('ssb', '1'), ('ptr', '1'), ('cds-b', '0'), ('cds-b', '1'), ('she', '0'), ('scu', '1'), ('shp', '0'), ('sqc', '0'), ('ftw', '0'), ('tbo', '1'), ('pto', '1'), ('nom', '0'), ('ssc', '0'), ('ssc', '1'), ('csq', '0'), ('pts', '0'), ('pth', '1'), ('fgl', '0'), ('myd', '0'), ('stp', '0'), ('wbl', '0'), ('ssa', '0'), ('ssa', '1'), ('icd', '1')]","[0.45781384768867023, 0.27540917718462665, 0.6295233333729912, 0.10864122729258839, 0.10864015083312913, 0.49990942854553877, 0.4999094487020134, 0.5036969019466488, 0.42285971511604964, 0.14441094296820395, 0.2754091467361203, 0.27540917718462826, 0.27540917718462826, 0.10864154391892036, 0.409693435009242, 0.10866280694022379, 0.24253585914225886, 0.2754091771846271, 0.6295274323777059, 0.3923359340382779, 0.5901595463449816, 0.10861358201007151, 0.5036969306624695, 0.27540917718462665, 0.15276623318993943, 0.44316063689771434, 0.19221757783263654, 0.28293902816704514, 0.10856393414767736, 0.10864154391892444, 0.6295268521597523, 0.42370147370523104, 0.10851610699965451, 0.07467452442586434, 0.5036825000144446, 0.5036969019466491, 0.503696894319038, 0.37138085739707893, 0.19829776010486722, 0.6295274323777054, 0.3716667595739123, 0.39232853684085195, 0.10856582649697154, 0.27155468884228373, 0.47014176044238587, 0.09436281067355842, 0.10881465325106203, 0.4694939249860039, 0.27255973771798603]","['cor', 'cor', 'soc', 'soc', 'ken', 'ken', 'ssb', 'ssb', 'sod-b', 'sod-b', 'twf', 'twf', 'ptr', 'ptr', 'cds-b', 'cds-b', 'she', 'she', 'scu', 'scu', 'hea', 'hea', 'shp', 'shp', 'sqc', 'sqc', 'ftw', 'ftw', 'toc', 'toc', 'bor', 'bor', 'ctn', 'ctn', 'tbo', 'tbo', 'iac', 'iac', 'pto', 'pto', 'nom', 'nom', 'ssc', 'ssc', 'csq', 'csq', 'pts', 'pts', 'pth', 'pth', 'fgl', 'fgl', 'ith', 'ith', 'gar', 'gar', 'ifi', 'ifi', 'myd', 'myd', 'flu', 'flu', 'edc', 'edc', 'ibd', 'ibd', 'stp', 'stp', 'wbl', 'wbl', 'ssa', 'ssa', 'icd', 'icd']",26,74,-6.32776e+27,orgN10
INOVEN_clean_linker_0,3,"[('bpr', '0'), ('bpr', '1'), ('ant', '0'), ('hwx', '1'), ('pyr', '0'), ('tsx', '1'), ('gea', '1'), ('jxj', '0'), ('rht', '1'), ('gfy', '0'), ('fon', '0'), ('apo', '0'), ('bwt', '0'), ('bwt', '1'), ('zzz', '0'), ('rtl', '0'), ('ana-f', '0'), ('ana-f', '1'), ('bor', '0'), ('llk', '0'), ('ctn', '0'), ('ttt', '0'), ('wyt', '1'), ('anh', '1'), ('xmz', '0'), ('sit', '0'), ('txt', '1'), ('spn', '0'), ('dag', '1'), ('tbo', '0'), ('gez', '0'), ('pry', '0'), ('eea', '0'), ('pto', '0'), ('the', '0'), ('wys', '1'), ('llj', '1'), ('sab', '0'), ('cml', '0'), ('eee', '0')]","[0.14882728554310612, 0.14877985064298319, 0.15635147227856247, 0.10296690209186043, 0.1938426655732176, 0.15661822478388535, 0.16613814067033542, 0.09960961726941793, 0.1938426517593605, 0.1029166300613095, 0.19372490801120204, 0.10367774038152798, 0.0932668865561578, 0.10027910257464968, 0.0451918194242451, 0.10278451331885424, 0.04386150556724736, 0.042429748992615604, 0.1938426517593605, 0.1470149235395106, 0.19384266325500024, 0.19384266557321683, 0.16590177298003805, 0.1562873945699148, 0.14746245364917013, 0.10386778574114006, 0.1564604620783211, 0.1938426517593605, 0.046842477299896775, 0.19384266557321683, 0.16629360855682446, 0.1938426655732176, 0.16609093394709895, 0.19384266333224054, 0.1938426655732184, 0.14738036563880155, 0.10302740745120043, 0.09081029653554773, 0.10429567651529426, 0.1455082136930925]","['bpr', 'bpr', 'ant', 'ant', 'hwx', 'hwx', 'pyr', 'pyr', 'tsx', 'tsx', 'gea', 'gea', 'jxj', 'jxj', 'rht', 'rht', 'gfy', 'gfy', 'fon', 'fon', 'apo', 'apo', 'bwt', 'bwt', 'zzz', 'zzz', 'rtl', 'rtl', 'ana-f', 'ana-f', 'bor', 'bor', 'llk', 'llk', 'ctn', 'ctn', 'ttt', 'ttt', 'wyt', 'wyt', 'anh', 'anh', 'xmz', 'xmz', 'sit', 'sit', 'txt', 'txt', 'spn', 'spn', 'dag', 'dag', 'tbo', 'tbo', 'gez', 'gez', 'pry', 'pry', 'eea', 'eea', 'pto', 'pto', 'the', 'the', 'wys', 'wys', 'llj', 'llj', 'sab', 'sab', 'cml', 'cml', 'eee', 'eee']",40,74,4.436132e+16,orgN11
IYUCEM_clean_linker_1,3,[],"[0.6641991619234047, 0.6641353219639511, 0.6726098703566479, 0.6138730351182273, 0.7013682276687058, 0.6728683501264764, 0.6812267359323151, 0.6117931039746406, 0.7013682183454151, 0.6138219306117988, 0.7012887337051595, 0.6146299164467109, 0.5893824432126215, 0.5963099662910202, 0.5081328094633645, 0.6136875794758101, 0.5638783774619571, 0.562602273908111, 0.7013682183454151, 0.640012925637212, 0.7013682247729992, 0.701368227668706, 0.6810345978548921, 0.6725475087340574, 0.662261728444027, 0.6147879709971591, 0.672715700490481, 0.7013682183454151, 0.5059125389337268, 0.7013682276687058, 0.6813532616421945, 0.7013682276687058, 0.6811880692267125, 0.7013682242926961, 0.7013682276687058, 0.6621375302337966, 0.6139345421113238, 0.6043602000457041, 0.6152224457816882, 0.6608414771688303]","['bpr', 'bpr', 'ant', 'ant', 'hwx', 'hwx', 'pyr', 'pyr', 'tsx', 'tsx', 'gea', 'gea', 'jxj', 'jxj', 'rht', 'rht', 'gfy', 'gfy', 'fon', 'fon', 'apo', 'apo', 'bwt', 'bwt', 'zzz', 'zzz', 'rtl', 'rtl', 'ana-f', 'ana-f', 'bor', 'bor', 'llk', 'llk', 'ctn', 'ctn', 'ttt', 'ttt', 'wyt', 'wyt', 'anh', 'anh', 'xmz', 'xmz', 'sit', 'sit', 'txt', 'txt', 'spn', 'spn', 'dag', 'dag', 'tbo', 'tbo', 'gez', 'gez', 'pry', 'pry', 'eea', 'eea', 'pto', 'pto', 'the', 'the', 'wys', 'wys', 'llj', 'llj', 'sab', 'sab', 'cml', 'cml', 'eee', 'eee']",0,74,1.369185e+40,orgN12
IZENUY_clean_linker_0,4,"[('ssb', '0'), ('ssb', '1'), ('ptr', '1'), ('scu', '1'), ('shp', '0'), ('tbo', '1'), ('nom', '0'), ('ssc', '0'), ('ssc', '1'), ('csq', '0'), ('pts', '0'), ('pth', '1'), ('fgl', '0'), ('myd', '0'), ('stp', '0'), ('ssa', '0'), ('ssa', '1'), ('icd', '1')]","[0.5042141329968802, 0.35770365359583206, 0.6587814354369658, 0.1907730837895529, 0.19077198843946652, 0.5167279763273954, 0.5167279924380085, 0.5445699412322583, 0.4652361820270621, 0.22422174098261793, 0.35770362331544986, 0.3577036535958336, 0.3577036535958333, 0.19077340597219475, 0.4539441392171259, 0.1907950420022575, 0.3249901602935779, 0.35770365359583206, 0.6587851607016427, 0.3872214636766849, 0.616455511111627, 0.19074495316427942, 0.5445699755387681, 0.35770365359583206, 0.21069891232041474, 0.47626283161210947, 0.24394423427536985, 0.2174813099741896, 0.19069443263525365, 0.19077340597219708, 0.6587845450687019, 0.4570325207888558, 0.1906457635524857, 0.15571947994891364, 0.544553768507373, 0.5445699412322583, 0.544569932084613, 0.39688418155238386, 0.27262589496914097, 0.6587851607016427, 0.43097491290533063, 0.3872116978062167, 0.19069769671905762, 0.33855044062003525, 0.47508726574790067, 0.033175613485612696, 0.1909495449585241, 0.5143524948443153, 0.25997402686121046]","['cor', 'cor', 'soc', 'soc', 'ken', 'ken', 'ssb', 'ssb', 'sod-b', 'sod-b', 'twf', 'twf', 'ptr', 'ptr', 'cds-b', 'cds-b', 'she', 'she', 'scu', 'scu', 'hea', 'hea', 'shp', 'shp', 'sqc', 'sqc', 'ftw', 'ftw', 'toc', 'toc', 'bor', 'bor', 'ctn', 'ctn', 'tbo', 'tbo', 'iac', 'iac', 'pto', 'pto', 'nom', 'nom', 'ssc', 'ssc', 'csq', 'csq', 'pts', 'pts', 'pth', 'pth', 'fgl', 'fgl', 'ith', 'ith', 'gar', 'gar', 'ifi', 'ifi', 'myd', 'myd', 'flu', 'flu', 'edc', 'edc', 'ibd', 'ibd', 'stp', 'stp', 'wbl', 'wbl', 'ssa', 'ssa', 'icd', 'icd']",18,74,-2.278181e+29,orgN13
KAKCAD_clean_linker_0,3,"[('bpr', '0'), ('bpr', '1'), ('ant', '0'), ('hwx', '1'), ('pyr', '0'), ('tsx', '1'), ('gea', '1'), ('jxj', '0'), ('rht', '1'), ('gfy', '0'), ('fon', '0'), ('apo', '0'), ('bwt', '0'), ('bwt', '1'), ('zzz', '0'), ('rtl', '0'), ('ana-f', '0'), ('ana-f', '1'), ('bor', '0'), ('llk', '0'), ('ctn', '0'), ('ttt', '0'), ('wyt', '1'), ('anh', '1'), ('xmz', '0'), ('sit', '0'), ('txt', '1'), ('spn', '0'), ('dag', '1'), ('tbo', '0'), ('gez', '0'), ('pry', '0'), ('eea', '0'), ('pto', '0'), ('the', '0'), ('wys', '1'), ('llj', '1'), ('sab', '0'), ('cml', '0'), ('eee', '0')]","[0.0854680478762988, 0.08564150914875654, 0.06332576416757524, 0.08854176861826676, 0.007242724821984653, 0.0626662446492422, 0.04193182975273073, 0.09078356767399608, 0.007242710628766288, 0.08859682643560317, 0.00712282854754544, 0.08772451795373401, 0.16962560795942436, 0.16701224444020837, 0.2208040824178598, 0.08874156759884483, 0.144183948997556, 0.1456059949022807, 0.007242710628745849, 0.15965031686366582, 0.007242722568118853, 0.007242724821984653, 0.042400888657024995, 0.0634850287805247, 0.09077359195335191, 0.08755590964809416, 0.06305554487567956, 0.007242710628766288, 0.20300957185435656, 0.0072427248220050915, 0.041631747417176686, 0.007242724821984653, 0.042019913401547676, 0.007242722698638541, 0.00724272482202553, 0.09111660144267802, 0.08847550213533611, 0.09892654128343192, 0.08708763431726822, 0.08878834950403132]","['bpr', 'bpr', 'ant', 'ant', 'hwx', 'hwx', 'pyr', 'pyr', 'tsx', 'tsx', 'gea', 'gea', 'jxj', 'jxj', 'rht', 'rht', 'gfy', 'gfy', 'fon', 'fon', 'apo', 'apo', 'bwt', 'bwt', 'zzz', 'zzz', 'rtl', 'rtl', 'ana-f', 'ana-f', 'bor', 'bor', 'llk', 'llk', 'ctn', 'ctn', 'ttt', 'ttt', 'wyt', 'wyt', 'anh', 'anh', 'xmz', 'xmz', 'sit', 'sit', 'txt', 'txt', 'spn', 'spn', 'dag', 'dag', 'tbo', 'tbo', 'gez', 'gez', 'pry', 'pry', 'eea', 'eea', 'pto', 'pto', 'the', 'the', 'wys', 'wys', 'llj', 'llj', 'sab', 'sab', 'cml', 'cml', 'eee', 'eee']",40,74,1.5811330000000001e+50,orgN14
KUFVIS_clean_linker_0,4,"[('soc', '0'), ('ssb', '0'), ('ssb', '1'), ('ptr', '1'), ('cds-b', '0'), ('cds-b', '1'), ('she', '0'), ('scu', '1'), ('shp', '0'), ('sqc', '0'), ('ftw', '0'), ('tbo', '1'), ('pto', '1'), ('nom', '0'), ('ssc', '0'), ('ssc', '1'), ('csq', '0'), ('pts', '0'), ('pth', '1'), ('fgl', '0'), ('myd', '0'), ('stp', '0'), ('wbl', '0'), ('ssa', '0'), ('ssa', '1'), ('icd', '1')]","[0.44490606720427833, 0.27054984323239173, 0.6078583763585564, 0.10887207875873521, 0.10887108655321065, 0.47813427969858374, 0.4781343000903733, 0.48192328078942576, 0.43889938075656537, 0.1431713664838589, 0.2705498131372294, 0.27054984323239256, 0.27054984323239295, 0.10887237060320035, 0.3880776872361539, 0.10889196972787342, 0.23811284965679924, 0.2705498432323922, 0.6078624557335729, 0.3724974288919148, 0.5683537133088867, 0.10884659778394408, 0.4819233099349918, 0.27054984323239173, 0.16786233495537944, 0.420945523388131, 0.1700907420715822, 0.2779678319752056, 0.10880083952535921, 0.10887237060320035, 0.6078618730386094, 0.4014163995823204, 0.10875676268041126, 0.078733849305456, 0.4819087329974236, 0.48192328078942576, 0.48192327304222277, 0.34905333407013905, 0.19951188377454065, 0.6078624557335726, 0.35149595614354795, 0.372490349786311, 0.10879952899826291, 0.27849103610074727, 0.44926810706506415, 0.10977391896901491, 0.10903195236675577, 0.4478595252837133, 0.254320047243038]","['cor', 'cor', 'soc', 'soc', 'ken', 'ken', 'ssb', 'ssb', 'sod-b', 'sod-b', 'twf', 'twf', 'ptr', 'ptr', 'cds-b', 'cds-b', 'she', 'she', 'scu', 'scu', 'hea', 'hea', 'shp', 'shp', 'sqc', 'sqc', 'ftw', 'ftw', 'toc', 'toc', 'bor', 'bor', 'ctn', 'ctn', 'tbo', 'tbo', 'iac', 'iac', 'pto', 'pto', 'nom', 'nom', 'ssc', 'ssc', 'csq', 'csq', 'pts', 'pts', 'pth', 'pth', 'fgl', 'fgl', 'ith', 'ith', 'gar', 'gar', 'ifi', 'ifi', 'myd', 'myd', 'flu', 'flu', 'edc', 'edc', 'ibd', 'ibd', 'stp', 'stp', 'wbl', 'wbl', 'ssa', 'ssa', 'icd', 'icd']",26,74,4.56915e+24,orgN15
MAKGUD_clean_linker_0,3,"[('zzz', '0'), ('ana-f', '0'), ('ana-f', '1'), ('dag', '1')]","[0.40464739520302956, 0.40458364306691424, 0.41327408443671537, 0.35262325749765866, 0.44517034075971396, 0.41354571750522556, 0.42250509242196116, 0.35024200802512767, 0.44517032999798944, 0.3525695196708785, 0.4450785900007209, 0.35341398350370756, 0.3285814580959826, 0.33603556379821664, 0.24197307835469115, 0.35242825039860937, 0.2989400134656347, 0.2975874587091205, 0.4451703299979891, 0.38332096595607873, 0.4451703378534865, 0.4451703407597133, 0.42229555391980406, 0.4132086024054865, 0.4027256428095194, 0.35358539063987876, 0.4133852568569364, 0.4451703299979891, 0.23994006713649055, 0.4451703407597136, 0.42264304528369445, 0.44517034075971396, 0.4224629953994471, 0.44517033747357765, 0.4451703407597136, 0.4026033874188877, 0.3526879332731878, 0.3422222176276722, 0.3540422413141255, 0.40114139641828717]","['bpr', 'bpr', 'ant', 'ant', 'hwx', 'hwx', 'pyr', 'pyr', 'tsx', 'tsx', 'gea', 'gea', 'jxj', 'jxj', 'rht', 'rht', 'gfy', 'gfy', 'fon', 'fon', 'apo', 'apo', 'bwt', 'bwt', 'zzz', 'zzz', 'rtl', 'rtl', 'ana-f', 'ana-f', 'bor', 'bor', 'llk', 'llk', 'ctn', 'ctn', 'ttt', 'ttt', 'wyt', 'wyt', 'anh', 'anh', 'xmz', 'xmz', 'sit', 'sit', 'txt', 'txt', 'spn', 'spn', 'dag', 'dag', 'tbo', 'tbo', 'gez', 'gez', 'pry', 'pry', 'eea', 'eea', 'pto', 'pto', 'the', 'the', 'wys', 'wys', 'llj', 'llj', 'sab', 'sab', 'cml', 'cml', 'eee', 'eee']",4,74,-2.53659e+43,orgN16
MIDCAF_clean_linker_0,3,"[('bpr', '0'), ('bpr', '1'), ('ant', '0'), ('hwx', '1'), ('pyr', '0'), ('tsx', '1'), ('gea', '1'), ('jxj', '0'), ('rht', '1'), ('gfy', '0'), ('fon', '0'), ('apo', '0'), ('bwt', '0'), ('bwt', '1'), ('zzz', '0'), ('rtl', '0'), ('ana-f', '0'), ('ana-f', '1'), ('bor', '0'), ('llk', '0'), ('ctn', '0'), ('ttt', '0'), ('wyt', '1'), ('anh', '1'), ('xmz', '0'), ('sit', '0'), ('txt', '1'), ('spn', '0'), ('dag', '1'), ('tbo', '0'), ('gez', '0'), ('pry', '0'), ('eea', '0'), ('pto', '0'), ('the', '0'), ('wys', '1'), ('llj', '1'), ('sab', '0'), ('cml', '0'), ('eee', '0')]","[0.08638422517281473, 0.0865579929499919, 0.06418876589261696, 0.09261143310308045, 0.0040956437651350095, 0.06352707243971366, 0.04268905781030991, 0.09481446981594456, 0.00409562405181864, 0.09266646817403927, 0.0039278701844521445, 0.09179356843864729, 0.1719066291660533, 0.16914226314582936, 0.2241854589873862, 0.09281115013540465, 0.1480089879034773, 0.1494282397328389, 0.00409562405181864, 0.16063433044585387, 0.004095643952031575, 0.0040956437651711525, 0.04316136583365546, 0.06434854942164997, 0.09169857326857886, 0.0916259817531494, 0.06391766294525666, 0.00409562405181864, 0.2070391465123707, 0.0040956437651711525, 0.04238645909404881, 0.0040956437651350095, 0.04277804896233603, 0.004095645460215338, 0.004095643765098867, 0.09204211509557254, 0.09254519382435507, 0.10291355478987281, 0.09115788711212845, 0.08982467390187074]","['bpr', 'bpr', 'ant', 'ant', 'hwx', 'hwx', 'pyr', 'pyr', 'tsx', 'tsx', 'gea', 'gea', 'jxj', 'jxj', 'rht', 'rht', 'gfy', 'gfy', 'fon', 'fon', 'apo', 'apo', 'bwt', 'bwt', 'zzz', 'zzz', 'rtl', 'rtl', 'ana-f', 'ana-f', 'bor', 'bor', 'llk', 'llk', 'ctn', 'ctn', 'ttt', 'ttt', 'wyt', 'wyt', 'anh', 'anh', 'xmz', 'xmz', 'sit', 'sit', 'txt', 'txt', 'spn', 'spn', 'dag', 'dag', 'tbo', 'tbo', 'gez', 'gez', 'pry', 'pry', 'eea', 'eea', 'pto', 'pto', 'the', 'the', 'wys', 'wys', 'llj', 'llj', 'sab', 'sab', 'cml', 'cml', 'eee', 'eee']",40,74,4.45543e+51,orgN17
MIFKUJ_clean_linker_1,4,"[('soc', '0'), ('ssb', '0'), ('ssb', '1'), ('ptr', '1'), ('cds-b', '0'), ('cds-b', '1'), ('she', '0'), ('scu', '1'), ('shp', '0'), ('sqc', '0'), ('ftw', '0'), ('tbo', '1'), ('pto', '1'), ('nom', '0'), ('ssc', '0'), ('csq', '0'), ('pts', '0'), ('pth', '1'), ('fgl', '0'), ('myd', '0'), ('stp', '0'), ('wbl', '0'), ('ssa', '0'), ('ssa', '1')]","[0.4012806881080344, 0.19526776931174347, 0.6309786681109416, 0.025660556826033132, 0.025659440083526476, 0.518188559658682, 0.5181885831180304, 0.49522686683645445, 0.3713293276818775, 0.07358822203119188, 0.19526773855079388, 0.19526776931174575, 0.19526776931174403, 0.02566088530094228, 0.40091087009105975, 0.025682943857725127, 0.16204412953279768, 0.19526776931174347, 0.6309828960392807, 0.43448301850137877, 0.5958846968443704, 0.02563187675893588, 0.49522688775693224, 0.19526776931174347, 0.10268936331459795, 0.4461836441459203, 0.19153474940556386, 0.36355501198763485, 0.02558036923971411, 0.025660885300937953, 0.6309823696348151, 0.42717899322710995, 0.02553074905388027, 0.010172506553343563, 0.4952152101084195, 0.49522686683645445, 0.4952268612581225, 0.3859654959674699, 0.13148302872110607, 0.6309828960392807, 0.3433759402906224, 0.43447785353695595, 0.02558615485162095, 0.20422492007235318, 0.4535970373155188, 0.16913922677650015, 0.025840462485268174, 0.457236745623593, 0.3262667735568285]","['cor', 'cor', 'soc', 'soc', 'ken', 'ken', 'ssb', 'ssb', 'sod-b', 'sod-b', 'twf', 'twf', 'ptr', 'ptr', 'cds-b', 'cds-b', 'she', 'she', 'scu', 'scu', 'hea', 'hea', 'shp', 'shp', 'sqc', 'sqc', 'ftw', 'ftw', 'toc', 'toc', 'bor', 'bor', 'ctn', 'ctn', 'tbo', 'tbo', 'iac', 'iac', 'pto', 'pto', 'nom', 'nom', 'ssc', 'ssc', 'csq', 'csq', 'pts', 'pts', 'pth', 'pth', 'fgl', 'fgl', 'ith', 'ith', 'gar', 'gar', 'ifi', 'ifi', 'myd', 'myd', 'flu', 'flu', 'edc', 'edc', 'ibd', 'ibd', 'stp', 'stp', 'wbl', 'wbl', 'ssa', 'ssa', 'icd', 'icd']",24,74,-6.6610340000000035e+62,orgN18
MUDLON_clean_linker_0,4,"[('soc', '0'), ('ssb', '0'), ('ssb', '1'), ('ptr', '1'), ('cds-b', '0'), ('cds-b', '1'), ('she', '0'), ('scu', '1'), ('shp', '0'), ('sqc', '0'), ('ftw', '0'), ('tbo', '1'), ('pto', '1'), ('nom', '0'), ('ssc', '0'), ('csq', '0'), ('pts', '0'), ('pth', '1'), ('fgl', '0'), ('myd', '0'), ('stp', '0'), ('wbl', '0'), ('ssa', '0'), ('ssa', '1')]","[0.4221508818663542, 0.25912250244759444, 0.6492805076688233, 0.095325292840981, 0.09532427486369083, 0.5250339726737806, 0.5250339507268174, 0.5206343965998325, 0.3870404588752788, 0.11599569579367919, 0.25912247215362216, 0.25912250244759655, 0.25912250244759527, 0.09532559226583219, 0.4217136289066465, 0.0953457004092578, 0.22644943461138048, 0.259122502447594, 0.6492858620684747, 0.42353657710498127, 0.6113751881826041, 0.09529914993751412, 0.5206343721446415, 0.25912250244759444, 0.1255237348302325, 0.4630176071289058, 0.2119957540466815, 0.31602951402005774, 0.09525220258120971, 0.09532559226583452, 0.649285335696015, 0.44471703169437604, 0.0952069798243002, 0.06433743886476938, 0.520620066392625, 0.5206343965998325, 0.5206344039434072, 0.3958385393628015, 0.16067922150742683, 0.6492858620684747, 0.3816922219198803, 0.42352965861036085, 0.09525747323970164, 0.22955153611603796, 0.45573136890289967, 0.1146652561653931, 0.09548931573798711, 0.4852185061764129, 0.30650235231721606]","['cor', 'cor', 'soc', 'soc', 'ken', 'ken', 'ssb', 'ssb', 'sod-b', 'sod-b', 'twf', 'twf', 'ptr', 'ptr', 'cds-b', 'cds-b', 'she', 'she', 'scu', 'scu', 'hea', 'hea', 'shp', 'shp', 'sqc', 'sqc', 'ftw', 'ftw', 'toc', 'toc', 'bor', 'bor', 'ctn', 'ctn', 'tbo', 'tbo', 'iac', 'iac', 'pto', 'pto', 'nom', 'nom', 'ssc', 'ssc', 'csq', 'csq', 'pts', 'pts', 'pth', 'pth', 'fgl', 'fgl', 'ith', 'ith', 'gar', 'gar', 'ifi', 'ifi', 'myd', 'myd', 'flu', 'flu', 'edc', 'edc', 'ibd', 'ibd', 'stp', 'stp', 'wbl', 'wbl', 'ssa', 'ssa', 'icd', 'icd']",24,74,7.726025000000004e+80,orgN19
NAHDIM_clean_linker_0,4,"[('soc', '0'), ('ssb', '0'), ('ssb', '1'), ('ptr', '1'), ('cds-b', '0'), ('cds-b', '1'), ('she', '0'), ('scu', '1'), ('shp', '0'), ('sqc', '0'), ('ftw', '0'), ('tbo', '1'), ('pto', '1'), ('nom', '0'), ('ssc', '0'), ('csq', '0'), ('pts', '0'), ('pth', '1'), ('fgl', '0'), ('myd', '0'), ('edc', '0'), ('stp', '0'), ('wbl', '0'), ('ssa', '1')]","[0.3586043281657899, 0.06747392340802053, 0.5820078672425932, 0.12293524245458273, 0.12293629397112806, 0.5033379447117973, 0.5033379727400483, 0.43649955339255164, 0.35816681470081635, 0.10335616889709433, 0.06747389878823884, 0.06747392340802218, 0.06747392340802218, 0.12293493316522133, 0.3481100741212905, 0.12291416321531055, 0.04558363245247021, 0.06747392340802218, 0.5820138854617285, 0.4671846279356888, 0.5554755048436146, 0.12296224773345506, 0.43649956106092125, 0.06747392340802053, 0.194480401778219, 0.4101798646468057, 0.20124294601619738, 0.4771798276659262, 0.1230107492096787, 0.12293493316522043, 0.582013468732463, 0.39405754534207577, 0.12305747564400218, 0.15710096791988007, 0.4364928187864202, 0.43649955339255164, 0.43649955214237335, 0.37615715170516445, 0.11868346307115296, 0.5820138854617288, 0.2648943644183292, 0.4671837830731466, 0.12300216089606311, 0.18100699956895022, 0.49915814757461535, 0.31239099196984754, 0.1227658585707814, 0.3948419747944675, 0.38895487353593977]","['cor', 'cor', 'soc', 'soc', 'ken', 'ken', 'ssb', 'ssb', 'sod-b', 'sod-b', 'twf', 'twf', 'ptr', 'ptr', 'cds-b', 'cds-b', 'she', 'she', 'scu', 'scu', 'hea', 'hea', 'shp', 'shp', 'sqc', 'sqc', 'ftw', 'ftw', 'toc', 'toc', 'bor', 'bor', 'ctn', 'ctn', 'tbo', 'tbo', 'iac', 'iac', 'pto', 'pto', 'nom', 'nom', 'ssc', 'ssc', 'csq', 'csq', 'pts', 'pts', 'pth', 'pth', 'fgl', 'fgl', 'ith', 'ith', 'gar', 'gar', 'ifi', 'ifi', 'myd', 'myd', 'flu', 'flu', 'edc', 'edc', 'ibd', 'ibd', 'stp', 'stp', 'wbl', 'wbl', 'ssa', 'ssa', 'icd', 'icd']",24,74,-5.5605410000000064e+138,orgN20
NAWXER_clean_linker_0,4,"[('soc', '0'), ('ssb', '0'), ('ssb', '1'), ('ptr', '1'), ('cds-b', '0'), ('cds-b', '1'), ('she', '0'), ('scu', '1'), ('shp', '0'), ('sqc', '0'), ('ftw', '0'), ('tbo', '1'), ('pto', '1'), ('nom', '0'), ('ssc', '0'), ('csq', '0'), ('pts', '0'), ('pth', '1'), ('fgl', '0'), ('myd', '0'), ('stp', '0'), ('wbl', '0'), ('ssa', '0'), ('ssa', '1')]","[0.3888406556282686, 0.15370683452521602, 0.6215238082772251, 0.01605935344602107, 0.016060470244440198, 0.5178537829471492, 0.517853782947149, 0.481951410278775, 0.3628521970445769, 0.051400928336406894, 0.1537068037080143, 0.15370683452521963, 0.1537068345252182, 0.0160590249546429, 0.3886523278723983, 0.016036965290615338, 0.12042826757051915, 0.15370683452521747, 0.6215281294529128, 0.44713873668509757, 0.5887214227561985, 0.016088034945025104, 0.4819514057585355, 0.15370683452521602, 0.11091787390665298, 0.43904926554930607, 0.19050527425259367, 0.39888821754860876, 0.01613954501434007, 0.016059024954635986, 0.6215276320325572, 0.4205431748298628, 0.016189167630674, 0.0518875148470366, 0.481941169722928, 0.481951410278775, 0.4819514057585355, 0.3854848470184118, 0.10880624306396487, 0.6215281294529128, 0.32248034639135814, 0.4471347788482265, 0.01613376920852628, 0.18320602516402398, 0.4573127365515486, 0.21067073746527365, 0.015879438608801057, 0.4425216752616449, 0.34637863523256607]","['cor', 'cor', 'soc', 'soc', 'ken', 'ken', 'ssb', 'ssb', 'sod-b', 'sod-b', 'twf', 'twf', 'ptr', 'ptr', 'cds-b', 'cds-b', 'she', 'she', 'scu', 'scu', 'hea', 'hea', 'shp', 'shp', 'sqc', 'sqc', 'ftw', 'ftw', 'toc', 'toc', 'bor', 'bor', 'ctn', 'ctn', 'tbo', 'tbo', 'iac', 'iac', 'pto', 'pto', 'nom', 'nom', 'ssc', 'ssc', 'csq', 'csq', 'pts', 'pts', 'pth', 'pth', 'fgl', 'fgl', 'ith', 'ith', 'gar', 'gar', 'ifi', 'ifi', 'myd', 'myd', 'flu', 'flu', 'edc', 'edc', 'ibd', 'ibd', 'stp', 'stp', 'wbl', 'wbl', 'ssa', 'ssa', 'icd', 'icd']",24,74,-5.3381e+63,orgN21
PAMTOO_clean_linker_0,3,"[('bpr', '0'), ('bpr', '1'), ('ant', '0'), ('hwx', '1'), ('pyr', '0'), ('tsx', '1'), ('gea', '1'), ('jxj', '0'), ('rht', '1'), ('gfy', '0'), ('fon', '0'), ('apo', '0'), ('bwt', '0'), ('bwt', '1'), ('zzz', '0'), ('rtl', '0'), ('ana-f', '0'), ('ana-f', '1'), ('bor', '0'), ('llk', '0'), ('ctn', '0'), ('ttt', '0'), ('wyt', '1'), ('anh', '1'), ('xmz', '0'), ('sit', '0'), ('txt', '1'), ('spn', '0'), ('dag', '1'), ('tbo', '0'), ('gez', '0'), ('pry', '0'), ('eea', '0'), ('pto', '0'), ('the', '0'), ('wys', '1'), ('llj', '1'), ('sab', '0'), ('cml', '0'), ('eee', '0')]","[0.15769263334553094, 0.15764536990447103, 0.16511584819120953, 0.1100114340772495, 0.2017262973827379, 0.16537744272966048, 0.17468650701560046, 0.1067668980346269, 0.20172628388656005, 0.10996009967898175, 0.20161124862863117, 0.11074184188170626, 0.10047219715267897, 0.10763812632368289, 0.043298456646588185, 0.10982518148714188, 0.05107835400480941, 0.04963625240626909, 0.2017262838865615, 0.1548881719580843, 0.20172629497935732, 0.2017262973827379, 0.17445581842925378, 0.16505299958384995, 0.15632817547949102, 0.1109311263401727, 0.16522273784554128, 0.2017262838865615, 0.04148955425095121, 0.2017262973827379, 0.17483834270562604, 0.2017262973827379, 0.17464035510668371, 0.20172629499943373, 0.2017262973827379, 0.15624575870990623, 0.11007321713005212, 0.09799546715287548, 0.11136786505145345, 0.15437634009518977]","['bpr', 'bpr', 'ant', 'ant', 'hwx', 'hwx', 'pyr', 'pyr', 'tsx', 'tsx', 'gea', 'gea', 'jxj', 'jxj', 'rht', 'rht', 'gfy', 'gfy', 'fon', 'fon', 'apo', 'apo', 'bwt', 'bwt', 'zzz', 'zzz', 'rtl', 'rtl', 'ana-f', 'ana-f', 'bor', 'bor', 'llk', 'llk', 'ctn', 'ctn', 'ttt', 'ttt', 'wyt', 'wyt', 'anh', 'anh', 'xmz', 'xmz', 'sit', 'sit', 'txt', 'txt', 'spn', 'spn', 'dag', 'dag', 'tbo', 'tbo', 'gez', 'gez', 'pry', 'pry', 'eea', 'eea', 'pto', 'pto', 'the', 'the', 'wys', 'wys', 'llj', 'llj', 'sab', 'sab', 'cml', 'cml', 'eee', 'eee']",40,74,-1.504199e+17,orgN22
QEWDON_clean_linker_0,3,"[('bpr', '0'), ('bpr', '1'), ('ant', '0'), ('hwx', '1'), ('pyr', '0'), ('tsx', '1'), ('gea', '1'), ('jxj', '0'), ('rht', '1'), ('gfy', '0'), ('fon', '0'), ('apo', '0'), ('bwt', '0'), ('bwt', '1'), ('zzz', '0'), ('rtl', '0'), ('ana-f', '0'), ('ana-f', '1'), ('bor', '0'), ('llk', '0'), ('ctn', '0'), ('ttt', '0'), ('wyt', '1'), ('anh', '1'), ('xmz', '0'), ('sit', '0'), ('txt', '1'), ('spn', '0'), ('dag', '1'), ('tbo', '0'), ('gez', '0'), ('pry', '0'), ('eea', '0'), ('pto', '0'), ('the', '0'), ('wys', '1'), ('llj', '1'), ('sab', '0'), ('cml', '0'), ('eee', '0')]","[0.2503907374054719, 0.2503265783538064, 0.2593910295632709, 0.20249804625054207, 0.295522157288516, 0.259683030792632, 0.2695252383213579, 0.19965041610018205, 0.29552214473184074, 0.20244455592840058, 0.2954151086043572, 0.20327268726666692, 0.1766427175645756, 0.18432705012799072, 0.08792605372711376, 0.2023039483286232, 0.14540946315234105, 0.1439936021044836, 0.29552214473184074, 0.2332148000908891, 0.2955221546894544, 0.295522157288516, 0.2692908219533366, 0.25932070434764165, 0.24847546097596093, 0.203455859340739, 0.259510486144765, 0.29552214473184074, 0.09379786267269496, 0.295522157288516, 0.26967922177391906, 0.295522157288516, 0.269478451340207, 0.29552215456293884, 0.295522157288516, 0.2483549866198101, 0.20256242267907154, 0.1911286777414124, 0.203910560478509, 0.2468305764782351]","['bpr', 'bpr', 'ant', 'ant', 'hwx', 'hwx', 'pyr', 'pyr', 'tsx', 'tsx', 'gea', 'gea', 'jxj', 'jxj', 'rht', 'rht', 'gfy', 'gfy', 'fon', 'fon', 'apo', 'apo', 'bwt', 'bwt', 'zzz', 'zzz', 'rtl', 'rtl', 'ana-f', 'ana-f', 'bor', 'bor', 'llk', 'llk', 'ctn', 'ctn', 'ttt', 'ttt', 'wyt', 'wyt', 'anh', 'anh', 'xmz', 'xmz', 'sit', 'sit', 'txt', 'txt', 'spn', 'spn', 'dag', 'dag', 'tbo', 'tbo', 'gez', 'gez', 'pry', 'pry', 'eea', 'eea', 'pto', 'pto', 'the', 'the', 'wys', 'wys', 'llj', 'llj', 'sab', 'sab', 'cml', 'cml', 'eee', 'eee']",40,74,4.56915e+24,orgN23
QUQFOY_clean_linker_2,6,"[('mgc', '0'), ('ocu', '0'), ('zzz', '1'), ('toc', '1'), ('gar', '1'), ('ibd', '1')]","[0.4514733575859033, 0.4381359500149752, 0.47553964708695834, 0.4379823197168066, 0.3708067515524712, 0.43843830704766545, 0.2715014079966687, 0.37643745580695803, 0.3475443605921858, 0.28840043919953706, 0.4628543226751159, 0.4528430247792667, 0.4532654454079341, 0.4215195942878109, 0.2883775176077189, 0.4432816799628688, 0.28840043919953656, 0.45294625709072966, 0.33687233342185313, 0.45311777292535416, 0.5127152134271387, 0.4377100420242003, 0.6163729755907241, 0.45061320024323, 0.3708067515524712, 0.4556329151168362, 0.39535760931390973, 0.4313250645651503, 0.4372212651182117, 0.43230013868321904, 0.268563701798671, 0.6001258784312463, 0.4575862798774847, 0.27742772999147897, 0.45288298276960054]","['cor', 'cor', 'ant', 'ant', 'soc', 'soc', 'hwx', 'hwx', 'pyr', 'pyr', 'tsx', 'tsx', 'mgc', 'mgc', 'jxj', 'jxj', 'she', 'she', 'ocu', 'ocu', 'nia', 'nia', 'hea', 'hea', 'apo', 'apo', 'zzz', 'zzz', 'rtl', 'rtl', 'toc', 'toc', 'alb', 'alb', 'htp', 'htp', 'anh', 'anh', 'sit', 'sit', 'spn', 'spn', 'dag', 'dag', 'pry', 'pry', 'iac', 'iac', 'eea', 'eea', 'sab', 'sab', 'cml', 'cml', 'tph', 'tph', 'gar', 'gar', 'ifi', 'ifi', 'myd', 'myd', 'ibd', 'ibd', 'stp', 'stp']",6,66,1.5811330000000001e+50,orgN24
TATPOV_clean_linker_0,8,"[('the', '1'), ('csq', '1')]","[0.5254608947155448, 0.37009725371603563, 0.37009665421758786, 0.37009725371603563, 0.37009725371603563, 0.4309479897008218, 0.19262399865256039, 0.19031128038646336, 0.46199564520793784, 0.37009725371603563]","['ken', 'ken', 'ocu', 'ocu', 'scu', 'scu', 'bcu-b', 'bcu-b', 'sqc', 'sqc', 'the', 'the', 'csq', 'csq', 'tph', 'tph', 'flu', 'flu']",2,18,-6.6610340000000035e+62,orgN25
VETTIZ_charged_linker_0,3,"[('bpr', '0'), ('bpr', '1'), ('ant', '0'), ('hwx', '1'), ('pyr', '0'), ('tsx', '1'), ('gea', '1'), ('jxj', '0'), ('rht', '1'), ('gfy', '0'), ('fon', '0'), ('apo', '0'), ('bwt', '0'), ('bwt', '1'), ('zzz', '0'), ('rtl', '0'), ('ana-f', '0'), ('ana-f', '1'), ('bor', '0'), ('llk', '0'), ('ctn', '0'), ('ttt', '0'), ('wyt', '1'), ('anh', '1'), ('xmz', '0'), ('sit', '0'), ('txt', '1'), ('spn', '0'), ('dag', '1'), ('tbo', '0'), ('gez', '0'), ('pry', '0'), ('eea', '0'), ('pto', '0'), ('the', '0'), ('wys', '1'), ('llj', '1'), ('sab', '0'), ('cml', '0'), ('eee', '0')]","[0.09028853683181881, 0.09046229879958678, 0.06809275029616801, 0.09555590037062577, 4.86669886665181e-08, 0.06743100509463937, 0.04658927985269312, 0.09785427058148884, 7.694926552389895e-08, 0.09561095507361621, 0.00017569650821126502, 0.0947403388861495, 0.1759764121935516, 0.17321514813976358, 0.22792375072093982, 0.09575568702450267, 0.151374485719191, 0.15279673633679566, 3.8474632761949474e-08, 0.1645287280292084, 4.214684851089403e-08, 4.214684851089403e-08, 0.047061670433023325, 0.06825254610486149, 0.09560265132899007, 0.09457009685947261, 0.06782162693480957, 7.300048299977713e-08, 0.20998756675642619, 3.8474632761949474e-08, 0.04628651330847942, 4.86669886665181e-08, 0.04667836977581226, 4.214684851089403e-08, 4.552379940903028e-08, 0.09594617461487538, 0.09548963793710272, 0.10604175253451469, 0.0941018704963077, 0.09376060084959163]","['bpr', 'bpr', 'ant', 'ant', 'hwx', 'hwx', 'pyr', 'pyr', 'tsx', 'tsx', 'gea', 'gea', 'jxj', 'jxj', 'rht', 'rht', 'gfy', 'gfy', 'fon', 'fon', 'apo', 'apo', 'bwt', 'bwt', 'zzz', 'zzz', 'rtl', 'rtl', 'ana-f', 'ana-f', 'bor', 'bor', 'llk', 'llk', 'ctn', 'ctn', 'ttt', 'ttt', 'wyt', 'wyt', 'anh', 'anh', 'xmz', 'xmz', 'sit', 'sit', 'txt', 'txt', 'spn', 'spn', 'dag', 'dag', 'tbo', 'tbo', 'gez', 'gez', 'pry', 'pry', 'eea', 'eea', 'pto', 'pto', 'the', 'the', 'wys', 'wys', 'llj', 'llj', 'sab', 'sab', 'cml', 'cml', 'eee', 'eee']",40,74,-5.073097000000002e+72,orgN26
WOSHET_clean_linker_1,6,"[('spn', '1'), ('ifi', '0')]","[0.6224566379703569, 0.6411489052132648, 0.38271535993772593, 0.6375552171813619, 0.5908074622236935, 0.6414343435866967, 0.5326353505281988, 0.5598089069174719, 0.5546123751046396, 0.5480000268086525, 0.6423797765065856, 0.638716245110053, 0.6278562445399327, 0.5995436195309976, 0.5471168430232565, 0.6112359320641967, 0.5480000268086525, 0.6386101048940702, 0.3761392989613003, 0.6384259883443754, 0.5611167981265497, 0.6378863701714184, 0.29195499948920606, 0.6385482793159497, 0.5908074622236935, 0.4292065604345579, 0.34549009519310686, 0.5874194818670965, 0.6371465934404443, 0.5762651409323928, 0.5362753753370519, 0.2883515526995363, 0.6466701152221147, 0.6495979545381496, 0.6386810384024111]","['cor', 'cor', 'ant', 'ant', 'soc', 'soc', 'hwx', 'hwx', 'pyr', 'pyr', 'tsx', 'tsx', 'mgc', 'mgc', 'jxj', 'jxj', 'she', 'she', 'ocu', 'ocu', 'nia', 'nia', 'hea', 'hea', 'apo', 'apo', 'zzz', 'zzz', 'rtl', 'rtl', 'toc', 'toc', 'alb', 'alb', 'htp', 'htp', 'anh', 'anh', 'sit', 'sit', 'spn', 'spn', 'dag', 'dag', 'pry', 'pry', 'iac', 'iac', 'eea', 'eea', 'sab', 'sab', 'cml', 'cml', 'tph', 'tph', 'gar', 'gar', 'ifi', 'ifi', 'myd', 'myd', 'ibd', 'ibd', 'stp', 'stp']",2,66,1.6893560000000004e+59,orgN27
BEQFEK_clean_linker_11,3,[],"[0.46744333407327526, 0.47465559174189914, 0.48824002277692674, 0.5806203318609802, 0.37962924336768117, 0.5807034607629438, 0.5599028283827775, 0.4903488904478282, 0.5600316319270366, 0.5408578996226387, 0.49046480176705304, 0.5807034607629438, 0.5807034607629438, 0.551463309742132, 0.5428719776247742, 0.542809426875599, 0.5597073869533913, 0.5807034573057753, 0.43897394243384436, 0.4376663849653479, 0.4904014924108094, 0.49134326381799964, 0.5409788816988758, 0.5202794599052358, 0.5807034510129183, 0.4911799762492142, 0.5807034607629438, 0.5807034577871012, 0.5598634417414551, 0.539451397217166, 0.49021060368626107, 0.5807034510129189, 0.4917904911876624, 0.5511421746121031, 0.5513104917845952, 0.5807034510129186, 0.48057359801343386, 0.5512045760502229, 0.5807034607629438, 0.38324160810869873]","['bwt', 'bwt', 'jxj', 'jxj', 'fon', 'fon', 'dag', 'dag', 'pyr', 'pyr', 'gea', 'gea', 'gfy', 'gfy', 'gez', 'gez', 'wys', 'wys', 'llj', 'llj', 'ttt', 'ttt', 'tbo', 'tbo', 'tsx', 'tsx', 'bpr', 'bpr', 'wyt', 'wyt', 'pto', 'pto', 'ana-f', 'ana-f', 'hwx', 'hwx', 'sit', 'sit', 'xmz', 'xmz', 'llk', 'llk', 'bor', 'bor', 'apo', 'apo', 'the', 'the', 'ctn', 'ctn', 'eea', 'eea', 'eee', 'eee', 'rtl', 'rtl', 'spn', 'spn', 'cml', 'cml', 'anh', 'anh', 'txt', 'txt', 'rht', 'rht', 'sab', 'sab', 'ant', 'ant', 'pry', 'pry', 'zzz', 'zzz']",0,74,-1.209663e+33,orgN28
LEJCEK_clean_linker_0,4,"[('ifi', '1'), ('edc', '0'), ('ibd', '0'), ('ptr', '0'), ('gar', '0'), ('ith', '0'), ('fgl', '1'), ('myd', '0'), ('cor', '0'), ('icd', '0'), ('sod-b', '0'), ('sod-b', '1'), ('bor', '1'), ('wbl', '0'), ('wbl', '1'), ('ctn', '1'), ('twf', '0'), ('hea', '0'), ('nom', '0'), ('nom', '1'), ('ssc', '0'), ('pth', '0'), ('iac', '0')]","[0.3137271256089729, 0.2529612747975055, 0.092134047800781, 0.2696857485938021, 0.41251051681023027, 0.313680919718968, 0.31373360163502206, 0.06460290104872335, 0.3002602951374354, 0.3076726031764015, 0.3076726102082222, 0.1905181669912049, 0.3302404924330437, 0.3137421201014807, 0.19051816016431003, 0.30767261020822184, 0.3076726102082222, 0.30175062962868987, 0.3302323949111742, 0.3259592118517532, 0.19052226551333068, 0.30767261020822256, 0.3137336016350217, 0.33024005313242316, 0.2653915263112876, 0.08227738503672435, 0.15429935437449877, 0.3877858536264148, 0.2510820303733832, 0.251081998390741, 0.2696799476835741, 0.178131403500269, 0.2204742273870258, 0.31373369807993107, 0.3137340259736457, 0.2996836285368545, 0.30767261020822184, 0.3137572511872869, 0.19051816016430945, 0.16084808984115886, 0.2333209077730208, 0.2174177094322182, 0.31376860429860365, 0.2638692069648142, 0.49252740197930855, 0.3302404924330437, 0.2132190628035541, 0.31377183475046855, 0.19051814672406062]","['shp', 'shp', 'ifi', 'ifi', 'edc', 'edc', 'ibd', 'ibd', 'ssa', 'ssa', 'scu', 'scu', 'ptr', 'ptr', 'cds-b', 'cds-b', 'gar', 'gar', 'flu', 'flu', 'tbo', 'tbo', 'ith', 'ith', 'pto', 'pto', 'ftw', 'ftw', 'sqc', 'sqc', 'ken', 'ken', 'fgl', 'fgl', 'she', 'she', 'pts', 'pts', 'myd', 'myd', 'cor', 'cor', 'icd', 'icd', 'sod-b', 'sod-b', 'bor', 'bor', 'wbl', 'wbl', 'ssb', 'ssb', 'ctn', 'ctn', 'soc', 'soc', 'csq', 'csq', 'twf', 'twf', 'hea', 'hea', 'nom', 'nom', 'stp', 'stp', 'ssc', 'ssc', 'toc', 'toc', 'pth', 'pth', 'iac', 'iac']",23,74,2.2676280000000014e+109,orgN29
UFIREI_clean_linker_0,6,"[('ibd', '1'), ('pyr', '1'), ('gar', '1'), ('ocu', '0'), ('tsx', '0'), ('myd', '1'), ('cor', '1'), ('apo', '1'), ('rtl', '1'), ('nia', '0'), ('tph', '0'), ('toc', '1'), ('ant', '1'), ('pry', '1'), ('zzz', '1'), ('iac', '1')]","[0.6007297642713852, 0.4230068258714718, 0.3494537488066485, 0.44377570454559223, 0.18368251040905506, 0.3564938551084822, 0.11195624989734776, 0.27584150712604927, 0.20653686936827204, 0.25115637168191934, 0.5202879487003738, 0.35963639504546363, 0.20830255305358922, 0.35926142001936984, 0.1459710892750394, 0.1369007447447525, 0.335543832421316, 0.3395624745574886, 0.13645415034532357, 0.5879241161086831, 0.31817355057173635, 0.3599305360933141, 0.3554750726303255, 0.1474065876126244, 0.3493921481548851, 0.18077905632815272, 0.3571903034454598, 0.34941304803195833, 0.3947835571200989, 0.2065368693682727, 0.24979877424859862, 0.3494151466202123, 0.11195624989734776, 0.2065399598453674, 0.2755138810100906]","['ifi', 'ifi', 'htp', 'htp', 'jxj', 'jxj', 'ibd', 'ibd', 'dag', 'dag', 'pyr', 'pyr', 'gar', 'gar', 'ocu', 'ocu', 'tsx', 'tsx', 'she', 'she', 'hwx', 'hwx', 'myd', 'myd', 'sit', 'sit', 'cor', 'cor', 'apo', 'apo', 'soc', 'soc', 'eea', 'eea', 'rtl', 'rtl', 'spn', 'spn', 'hea', 'hea', 'cml', 'cml', 'mgc', 'mgc', 'nia', 'nia', 'tph', 'tph', 'anh', 'anh', 'stp', 'stp', 'sab', 'sab', 'toc', 'toc', 'ant', 'ant', 'alb', 'alb', 'pry', 'pry', 'zzz', 'zzz', 'iac', 'iac']",16,66,-6.351674000000005e+135,orgN30
UWAGAB01_clean_linker_0,3,"[('bwt', '0'), ('bwt', '1'), ('jxj', '0'), ('fon', '0'), ('dag', '1'), ('pyr', '0'), ('gea', '1'), ('gfy', '0'), ('gez', '0'), ('wys', '1'), ('llj', '1'), ('ttt', '0'), ('tbo', '0'), ('tsx', '1'), ('bpr', '0'), ('bpr', '1'), ('wyt', '1'), ('pto', '0'), ('ana-f', '0'), ('ana-f', '1'), ('hwx', '1'), ('sit', '0'), ('xmz', '0'), ('llk', '0'), ('bor', '0'), ('apo', '0'), ('the', '0'), ('ctn', '0'), ('eea', '0'), ('eee', '0'), ('rtl', '0'), ('spn', '0'), ('cml', '0'), ('anh', '1'), ('txt', '1'), ('rht', '1'), ('sab', '0'), ('ant', '0'), ('pry', '0'), ('zzz', '0')]","[0.17597645028650802, 0.17321518502014033, 0.097854318470447, 0.0001757233938427107, 0.20998761424706489, 0.0, 0.04658930673438917, 0.09561100287968238, 0.04628654018822581, 0.09594620145896622, 0.09548968574337703, 0.0, 0.0, 0.06743103196224103, 0.09028856368122416, 0.09046232564884701, 0.04706169731240898, 0.0, 0.15137453333477371, 0.1527967839428072, 0.09555594817678623, 0.09457014466731882, 0.09560267817341751, 0.16452875478292106, 2.433349433325905e-08, 0.09474038669674166, 0.0, 0.0, 0.04667839665961902, 0.09376062874775344, 0.09575573483031834, 2.433349433325905e-08, 0.09410191830499376, 0.0682525729719213, 0.06782165380216806, 2.433349433325905e-08, 0.10604180044129861, 0.06809277716332908, 0.0, 0.2279237963257007]","['bwt', 'bwt', 'jxj', 'jxj', 'fon', 'fon', 'dag', 'dag', 'pyr', 'pyr', 'gea', 'gea', 'gfy', 'gfy', 'gez', 'gez', 'wys', 'wys', 'llj', 'llj', 'ttt', 'ttt', 'tbo', 'tbo', 'tsx', 'tsx', 'bpr', 'bpr', 'wyt', 'wyt', 'pto', 'pto', 'ana-f', 'ana-f', 'hwx', 'hwx', 'sit', 'sit', 'xmz', 'xmz', 'llk', 'llk', 'bor', 'bor', 'apo', 'apo', 'the', 'the', 'ctn', 'ctn', 'eea', 'eea', 'eee', 'eee', 'rtl', 'rtl', 'spn', 'spn', 'cml', 'cml', 'anh', 'anh', 'txt', 'txt', 'rht', 'rht', 'sab', 'sab', 'ant', 'ant', 'pry', 'pry', 'zzz', 'zzz']",40,74,-1.1514680000000001e+78,orgN31
