co_carbonyl_ammonia_ammonia,ox=3,HFX=0.25
co_carbonyl_ammonia_ammonia,ox=3,HFX=0.2
co_carbonyl_ammonia_ammonia,ox=3,HFX=0.1
co_carbonyl_ammonia_ammonia,ox=3,HFX=0.15
co_carbonyl_ammonia_ammonia,ox=3,HFX=0.3
cr_bipy_bipy_bipy,ox=2,HFX=0.2
cr_water_ammonia_ammonia,ox=3,HFX=0.2
cr_water_ammonia_ammonia,ox=3,HFX=0.15
cr_water_ammonia_ammonia,ox=3,HFX=0.3
cr_water_ammonia_ammonia,ox=3,HFX=0.25
cr_water_ammonia_ammonia,ox=3,HFX=0.05
cr_water_ammonia_ammonia,ox=3,HFX=0.0
cr_water_ammonia_ammonia,ox=3,HFX=0.1
fe_bipy_bipy_bipy,ox=3,HFX=0.25
fe_bipy_bipy_bipy,ox=3,HFX=0.05
fe_bipy_bipy_bipy,ox=3,HFX=0.2
fe_bipy_bipy_bipy,ox=3,HFX=0.3
fe_bipy_bipy_bipy,ox=3,HFX=0.0
fe_bipy_bipy_bipy,ox=3,HFX=0.15
fe_bipy_bipy_bipy,ox=3,HFX=0.1
fe_bipy_bipy_bipy,ox=2,HFX=0.05
fe_bipy_bipy_bipy,ox=2,HFX=0.0
fe_bipy_bipy_bipy,ox=2,HFX=0.25
fe_cyanide_cyanide_cyanide,ox=2,HFX=0.25
fe_cyanide_cyanide_cyanide,ox=2,HFX=0.05
fe_cyanide_cyanide_cyanide,ox=2,HFX=0.0
fe_cyanide_cyanide_cyanide,ox=2,HFX=0.15
fe_cyanide_cyanide_cyanide,ox=2,HFX=0.1
fe_cyanide_cyanide_cyanide,ox=2,HFX=0.2
fe_cyanide_cyanide_cyanide,ox=2,HFX=0.3
fe_cyanide_cyanide_cyanide,ox=3,HFX=0.3
fe_cyanide_cyanide_cyanide,ox=3,HFX=0.0
fe_cyanide_cyanide_cyanide,ox=3,HFX=0.05
fe_cyanide_cyanide_cyanide,ox=3,HFX=0.2
fe_cyanide_cyanide_cyanide,ox=3,HFX=0.25
fe_cyanide_cyanide_cyanide,ox=3,HFX=0.1
fe_cyanide_cyanide_cyanide,ox=3,HFX=0.15
cr_pisc_pisc_pisc,ox=2,HFX=0.2
mn_en_en_en,ox=2,HFX=0.15
mn_en_en_en,ox=2,HFX=0.05
mn_en_en_en,ox=2,HFX=0.3
mn_en_en_en,ox=2,HFX=0.0
mn_en_en_en,ox=2,HFX=0.2
mn_en_en_en,ox=2,HFX=0.1
mn_en_en_en,ox=2,HFX=0.25
mn_en_en_en,ox=3,HFX=0.2
fe_ox_ox_ox,ox=3,HFX=0.1
fe_ox_ox_ox,ox=3,HFX=0.15
fe_ox_ox_ox,ox=3,HFX=0.25
fe_ox_ox_ox,ox=3,HFX=0.2
fe_ox_ox_ox,ox=3,HFX=0.3
fe_ox_ox_ox,ox=3,HFX=0.0
fe_ox_ox_ox,ox=3,HFX=0.05
fe_ox_ox_ox,ox=2,HFX=0.1
fe_ox_ox_ox,ox=2,HFX=0.15
fe_ox_ox_ox,ox=2,HFX=0.0
fe_ox_ox_ox,ox=2,HFX=0.3
fe_ox_ox_ox,ox=2,HFX=0.2
fe_ox_ox_ox,ox=2,HFX=0.25
fe_ox_ox_ox,ox=2,HFX=0.05
fe_porphyrin_carbonyl_carbonyl,ox=2,HFX=0.1
fe_porphyrin_carbonyl_carbonyl,ox=2,HFX=0.05
fe_porphyrin_carbonyl_carbonyl,ox=2,HFX=0.3
fe_porphyrin_carbonyl_carbonyl,ox=2,HFX=0.0
fe_porphyrin_carbonyl_carbonyl,ox=2,HFX=0.2
fe_isothiocyanate_pisc_pisc,ox=2,HFX=0.0
fe_isothiocyanate_pisc_pisc,ox=2,HFX=0.1
fe_isothiocyanate_pisc_pisc,ox=2,HFX=0.15
fe_isothiocyanate_pisc_pisc,ox=2,HFX=0.05
fe_isothiocyanate_pisc_pisc,ox=2,HFX=0.2
fe_isothiocyanate_pisc_pisc,ox=2,HFX=0.3
fe_isothiocyanate_pisc_pisc,ox=3,HFX=0.25
fe_isothiocyanate_pisc_pisc,ox=3,HFX=0.2
fe_isothiocyanate_pisc_pisc,ox=3,HFX=0.15
co_misc_misc_misc,ox=2,HFX=0.1
co_misc_misc_misc,ox=2,HFX=0.15
co_misc_misc_misc,ox=2,HFX=0.25
co_misc_misc_misc,ox=2,HFX=0.2
co_misc_misc_misc,ox=2,HFX=0.3
co_misc_misc_misc,ox=2,HFX=0.0
co_misc_misc_misc,ox=2,HFX=0.05
co_misc_misc_misc,ox=3,HFX=0.15
co_misc_misc_misc,ox=3,HFX=0.1
co_misc_misc_misc,ox=3,HFX=0.0
co_misc_misc_misc,ox=3,HFX=0.2
co_misc_misc_misc,ox=3,HFX=0.25
co_misc_misc_misc,ox=3,HFX=0.05
co_misc_misc_misc,ox=3,HFX=0.3
mn_water_water_water,ox=2,HFX=0.15
mn_water_water_water,ox=2,HFX=0.2
mn_water_water_water,ox=2,HFX=0.05
mn_water_water_water,ox=2,HFX=0.25
mn_water_water_water,ox=2,HFX=0.0
mn_water_water_water,ox=2,HFX=0.1
mn_water_water_water,ox=3,HFX=0.2
mn_phen_phen_phen,ox=3,HFX=0.0
mn_phen_phen_phen,ox=3,HFX=0.05
mn_phen_phen_phen,ox=3,HFX=0.2
mn_phen_phen_phen,ox=3,HFX=0.1
mn_phen_phen_phen,ox=3,HFX=0.25
mn_phen_phen_phen,ox=3,HFX=0.3
mn_phen_phen_phen,ox=3,HFX=0.15
mn_phen_phen_phen,ox=2,HFX=0.0
mn_phen_phen_phen,ox=2,HFX=0.15
mn_phen_phen_phen,ox=2,HFX=0.2
mn_phen_phen_phen,ox=2,HFX=0.1
mn_phen_phen_phen,ox=2,HFX=0.25
mn_phen_phen_phen,ox=2,HFX=0.3
mn_phen_phen_phen,ox=2,HFX=0.05
cr_water_carbonyl_carbonyl,ox=3,HFX=0.2
cr_water_carbonyl_carbonyl,ox=3,HFX=0.25
cr_water_carbonyl_carbonyl,ox=3,HFX=0.05
cr_water_carbonyl_carbonyl,ox=3,HFX=0.15
cr_water_carbonyl_carbonyl,ox=3,HFX=0.1
cr_water_carbonyl_carbonyl,ox=3,HFX=0.3
cr_water_carbonyl_carbonyl,ox=3,HFX=0.0
cr_water_carbonyl_carbonyl,ox=2,HFX=0.2
cr_water_carbonyl_carbonyl,ox=2,HFX=0.0
fe_carbonyl_carbonyl_carbonyl,ox=3,HFX=0.3
fe_carbonyl_carbonyl_carbonyl,ox=3,HFX=0.1
fe_carbonyl_carbonyl_carbonyl,ox=3,HFX=0.15
fe_carbonyl_carbonyl_carbonyl,ox=3,HFX=0.0
fe_carbonyl_carbonyl_carbonyl,ox=3,HFX=0.05
fe_carbonyl_carbonyl_carbonyl,ox=3,HFX=0.2
fe_carbonyl_carbonyl_carbonyl,ox=3,HFX=0.25
fe_carbonyl_carbonyl_carbonyl,ox=2,HFX=0.2
fe_carbonyl_carbonyl_carbonyl,ox=2,HFX=0.25
fe_carbonyl_carbonyl_carbonyl,ox=2,HFX=0.3
fe_carbonyl_carbonyl_carbonyl,ox=2,HFX=0.05
fe_carbonyl_carbonyl_carbonyl,ox=2,HFX=0.0
fe_carbonyl_carbonyl_carbonyl,ox=2,HFX=0.1
fe_carbonyl_carbonyl_carbonyl,ox=2,HFX=0.15
cr_ox_carbonyl_carbonyl,ox=3,HFX=0.15
cr_ox_carbonyl_carbonyl,ox=3,HFX=0.1
cr_ox_carbonyl_carbonyl,ox=3,HFX=0.3
cr_ox_carbonyl_carbonyl,ox=3,HFX=0.25
cr_ox_carbonyl_carbonyl,ox=3,HFX=0.2
cr_ox_carbonyl_carbonyl,ox=3,HFX=0.0
cr_ox_carbonyl_carbonyl,ox=3,HFX=0.05
mn_tbuc_tbuc_tbuc,ox=3,HFX=0.2
mn_tbuc_tbuc_tbuc,ox=2,HFX=0.05
mn_tbuc_tbuc_tbuc,ox=2,HFX=0.0
mn_tbuc_tbuc_tbuc,ox=2,HFX=0.1
co_water_water_water,ox=3,HFX=0.25
co_water_water_water,ox=3,HFX=0.2
co_water_water_water,ox=3,HFX=0.0
co_water_water_water,ox=3,HFX=0.05
co_water_water_water,ox=3,HFX=0.1
co_water_water_water,ox=3,HFX=0.3
co_water_water_water,ox=3,HFX=0.15
co_water_water_water,ox=2,HFX=0.15
co_water_water_water,ox=2,HFX=0.1
co_water_water_water,ox=2,HFX=0.25
co_water_water_water,ox=2,HFX=0.3
co_water_water_water,ox=2,HFX=0.05
co_water_water_water,ox=2,HFX=0.2
co_water_water_water,ox=2,HFX=0.0
co_en_water_water,ox=2,HFX=0.15
co_en_water_water,ox=2,HFX=0.1
co_en_water_water,ox=2,HFX=0.3
co_en_water_water,ox=2,HFX=0.0
co_en_water_water,ox=2,HFX=0.25
co_en_water_water,ox=2,HFX=0.05
co_en_water_water,ox=2,HFX=0.2
co_pisc_pisc_pisc,ox=3,HFX=0.3
co_pisc_pisc_pisc,ox=3,HFX=0.2
co_pisc_pisc_pisc,ox=3,HFX=0.25
co_pisc_pisc_pisc,ox=3,HFX=0.15
co_pisc_pisc_pisc,ox=3,HFX=0.1
co_pisc_pisc_pisc,ox=3,HFX=0.0
co_pisc_pisc_pisc,ox=3,HFX=0.05
co_pisc_pisc_pisc,ox=2,HFX=0.05
co_pisc_pisc_pisc,ox=2,HFX=0.1
co_pisc_pisc_pisc,ox=2,HFX=0.0
fe_pisc_cl_cl,ox=2,HFX=0.3
fe_pisc_cl_cl,ox=2,HFX=0.0
fe_pisc_cl_cl,ox=2,HFX=0.05
fe_pisc_cl_cl,ox=2,HFX=0.1
fe_pisc_cl_cl,ox=2,HFX=0.15
fe_pisc_cl_cl,ox=2,HFX=0.25
fe_pisc_cl_cl,ox=2,HFX=0.2
fe_pisc_cl_cl,ox=3,HFX=0.1
fe_pisc_cl_cl,ox=3,HFX=0.15
fe_pisc_cl_cl,ox=3,HFX=0.0
fe_pisc_cl_cl,ox=3,HFX=0.05
fe_pisc_cl_cl,ox=3,HFX=0.3
fe_pisc_cl_cl,ox=3,HFX=0.2
fe_pisc_cl_cl,ox=3,HFX=0.25
co_cyanide_ammonia_ammonia,ox=2,HFX=0.15
co_cyanide_ammonia_ammonia,ox=2,HFX=0.25
co_cyanide_ammonia_ammonia,ox=2,HFX=0.3
co_cyanide_ammonia_ammonia,ox=2,HFX=0.2
mn_water_carbonyl_carbonyl,ox=3,HFX=0.2
mn_water_carbonyl_carbonyl,ox=2,HFX=0.2
mn_water_carbonyl_carbonyl,ox=2,HFX=0.15
mn_water_carbonyl_carbonyl,ox=2,HFX=0.25
mn_water_carbonyl_carbonyl,ox=2,HFX=0.3
mn_water_carbonyl_carbonyl,ox=2,HFX=0.1
mn_water_carbonyl_carbonyl,ox=2,HFX=0.05
mn_water_carbonyl_carbonyl,ox=2,HFX=0.0
fe_pisc_isothiocyanate_isothiocyanate,ox=2,HFX=0.05
fe_pisc_isothiocyanate_isothiocyanate,ox=2,HFX=0.3
fe_pisc_isothiocyanate_isothiocyanate,ox=2,HFX=0.25
fe_pisc_isothiocyanate_isothiocyanate,ox=2,HFX=0.2
fe_pisc_isothiocyanate_isothiocyanate,ox=2,HFX=0.15
fe_pisc_isothiocyanate_isothiocyanate,ox=2,HFX=0.1
fe_pisc_isothiocyanate_isothiocyanate,ox=3,HFX=0.05
fe_pisc_isothiocyanate_isothiocyanate,ox=3,HFX=0.0
fe_pisc_isothiocyanate_isothiocyanate,ox=3,HFX=0.15
fe_pisc_isothiocyanate_isothiocyanate,ox=3,HFX=0.1
fe_pisc_isothiocyanate_isothiocyanate,ox=3,HFX=0.2
fe_pisc_isothiocyanate_isothiocyanate,ox=3,HFX=0.25
fe_pisc_isothiocyanate_isothiocyanate,ox=3,HFX=0.3
mn_isothiocyanate_ammonia_ammonia,ox=2,HFX=0.3
mn_isothiocyanate_ammonia_ammonia,ox=2,HFX=0.25
mn_isothiocyanate_ammonia_ammonia,ox=2,HFX=0.2
mn_isothiocyanate_ammonia_ammonia,ox=2,HFX=0.15
fe_isothiocyanate_water_water,ox=2,HFX=0.0
fe_isothiocyanate_water_water,ox=2,HFX=0.05
fe_isothiocyanate_water_water,ox=2,HFX=0.1
fe_isothiocyanate_water_water,ox=2,HFX=0.25
fe_isothiocyanate_water_water,ox=2,HFX=0.2
fe_isothiocyanate_water_water,ox=2,HFX=0.15
fe_isothiocyanate_water_water,ox=2,HFX=0.3
fe_pisc_cyanide_cyanide,ox=2,HFX=0.25
fe_pisc_cyanide_cyanide,ox=2,HFX=0.2
fe_pisc_cyanide_cyanide,ox=2,HFX=0.05
fe_pisc_cyanide_cyanide,ox=2,HFX=0.15
fe_pisc_cyanide_cyanide,ox=2,HFX=0.1
fe_pisc_cyanide_cyanide,ox=2,HFX=0.3
fe_pisc_cyanide_cyanide,ox=2,HFX=0.0
fe_porphyrin_cyanide_cyanide,ox=3,HFX=0.15
fe_porphyrin_cyanide_cyanide,ox=3,HFX=0.3
fe_porphyrin_cyanide_cyanide,ox=3,HFX=0.0
fe_porphyrin_cyanide_cyanide,ox=3,HFX=0.25
fe_porphyrin_cyanide_cyanide,ox=3,HFX=0.2
fe_porphyrin_cyanide_cyanide,ox=3,HFX=0.1
fe_porphyrin_cyanide_cyanide,ox=3,HFX=0.05
fe_porphyrin_cyanide_cyanide,ox=2,HFX=0.1
fe_porphyrin_cyanide_cyanide,ox=2,HFX=0.2
fe_porphyrin_cyanide_cyanide,ox=2,HFX=0.25
fe_pisc_pisc_pisc,ox=3,HFX=0.05
fe_pisc_pisc_pisc,ox=3,HFX=0.0
fe_pisc_pisc_pisc,ox=3,HFX=0.3
fe_pisc_pisc_pisc,ox=3,HFX=0.25
fe_pisc_pisc_pisc,ox=3,HFX=0.2
fe_pisc_pisc_pisc,ox=3,HFX=0.15
fe_pisc_pisc_pisc,ox=3,HFX=0.1
fe_pisc_pisc_pisc,ox=2,HFX=0.15
fe_pisc_pisc_pisc,ox=2,HFX=0.0
fe_pisc_pisc_pisc,ox=2,HFX=0.05
fe_pisc_pisc_pisc,ox=2,HFX=0.1
cr_cyanide_water_water,ox=2,HFX=0.05
cr_cyanide_water_water,ox=2,HFX=0.2
cr_cyanide_water_water,ox=2,HFX=0.0
cr_cyanide_water_water,ox=2,HFX=0.15
cr_cyanide_water_water,ox=2,HFX=0.1
cr_cyanide_water_water,ox=2,HFX=0.3
cr_cyanide_water_water,ox=2,HFX=0.25
co_ammonia_ammonia_ammonia,ox=3,HFX=0.2
co_ammonia_ammonia_ammonia,ox=3,HFX=0.25
co_ammonia_ammonia_ammonia,ox=3,HFX=0.3
co_ammonia_ammonia_ammonia,ox=3,HFX=0.05
co_ammonia_ammonia_ammonia,ox=3,HFX=0.0
co_ammonia_ammonia_ammonia,ox=3,HFX=0.15
co_ammonia_ammonia_ammonia,ox=3,HFX=0.1
co_ammonia_ammonia_ammonia,ox=2,HFX=0.3
co_ammonia_ammonia_ammonia,ox=2,HFX=0.25
co_ammonia_ammonia_ammonia,ox=2,HFX=0.2
co_ammonia_ammonia_ammonia,ox=2,HFX=0.05
co_ammonia_ammonia_ammonia,ox=2,HFX=0.1
co_ammonia_ammonia_ammonia,ox=2,HFX=0.15
co_ammonia_ammonia_ammonia,ox=2,HFX=0.0
fe_porphyrin_water_water,ox=3,HFX=0.3
fe_porphyrin_water_water,ox=3,HFX=0.25
fe_porphyrin_water_water,ox=3,HFX=0.2
fe_porphyrin_water_water,ox=3,HFX=0.15
fe_porphyrin_water_water,ox=3,HFX=0.1
fe_porphyrin_water_water,ox=3,HFX=0.05
fe_porphyrin_water_water,ox=3,HFX=0.0
co_isothiocyanate_isothiocyanate_isothiocyanate,ox=2,HFX=0.3
co_isothiocyanate_isothiocyanate_isothiocyanate,ox=2,HFX=0.2
co_isothiocyanate_isothiocyanate_isothiocyanate,ox=2,HFX=0.25
co_isothiocyanate_isothiocyanate_isothiocyanate,ox=2,HFX=0.15
co_isothiocyanate_isothiocyanate_isothiocyanate,ox=2,HFX=0.1
co_isothiocyanate_isothiocyanate_isothiocyanate,ox=2,HFX=0.0
co_isothiocyanate_isothiocyanate_isothiocyanate,ox=2,HFX=0.05
co_isothiocyanate_isothiocyanate_isothiocyanate,ox=3,HFX=0.05
co_isothiocyanate_isothiocyanate_isothiocyanate,ox=3,HFX=0.15
co_isothiocyanate_isothiocyanate_isothiocyanate,ox=3,HFX=0.1
co_isothiocyanate_isothiocyanate_isothiocyanate,ox=3,HFX=0.3
co_isothiocyanate_isothiocyanate_isothiocyanate,ox=3,HFX=0.0
co_isothiocyanate_isothiocyanate_isothiocyanate,ox=3,HFX=0.25
co_isothiocyanate_isothiocyanate_isothiocyanate,ox=3,HFX=0.2
cr_water_water_water,ox=2,HFX=0.2
fe_water_water_water,ox=3,HFX=0.2
fe_water_water_water,ox=3,HFX=0.25
fe_water_water_water,ox=3,HFX=0.3
fe_water_water_water,ox=3,HFX=0.05
fe_water_water_water,ox=3,HFX=0.0
fe_water_water_water,ox=3,HFX=0.1
fe_water_water_water,ox=3,HFX=0.15
fe_water_water_water,ox=2,HFX=0.25
fe_water_water_water,ox=2,HFX=0.1
fe_water_water_water,ox=2,HFX=0.3
fe_water_water_water,ox=2,HFX=0.2
fe_water_water_water,ox=2,HFX=0.0
fe_water_water_water,ox=2,HFX=0.05
fe_water_water_water,ox=2,HFX=0.15
fe_tbuc_tbuc_tbuc,ox=2,HFX=0.2
fe_tbuc_tbuc_tbuc,ox=2,HFX=0.25
fe_tbuc_tbuc_tbuc,ox=2,HFX=0.05
fe_tbuc_tbuc_tbuc,ox=2,HFX=0.0
fe_tbuc_tbuc_tbuc,ox=2,HFX=0.15
fe_tbuc_tbuc_tbuc,ox=2,HFX=0.1
fe_tbuc_tbuc_tbuc,ox=3,HFX=0.2
fe_tbuc_tbuc_tbuc,ox=3,HFX=0.3
fe_tbuc_tbuc_tbuc,ox=3,HFX=0.15
fe_tbuc_tbuc_tbuc,ox=3,HFX=0.1
fe_tbuc_tbuc_tbuc,ox=3,HFX=0.0
fe_tbuc_tbuc_tbuc,ox=3,HFX=0.05
fe_tbuc_tbuc_tbuc,ox=3,HFX=0.25
fe_cl_cl_cl,ox=3,HFX=0.2
fe_cl_cl_cl,ox=3,HFX=0.25
fe_cl_cl_cl,ox=3,HFX=0.3
fe_cl_cl_cl,ox=3,HFX=0.05
fe_cl_cl_cl,ox=3,HFX=0.0
fe_cl_cl_cl,ox=3,HFX=0.1
fe_cl_cl_cl,ox=3,HFX=0.15
co_phen_ammonia_ammonia,ox=2,HFX=0.3
co_phen_ammonia_ammonia,ox=2,HFX=0.2
cr_ammonia_ammonia_ammonia,ox=2,HFX=0.2
fe_phen_phen_phen,ox=3,HFX=0.25
fe_phen_phen_phen,ox=3,HFX=0.05
fe_phen_phen_phen,ox=3,HFX=0.3
fe_phen_phen_phen,ox=3,HFX=0.15
fe_phen_phen_phen,ox=3,HFX=0.1
fe_phen_phen_phen,ox=3,HFX=0.0
fe_phen_phen_phen,ox=3,HFX=0.2
fe_phen_phen_phen,ox=2,HFX=0.05
fe_phen_phen_phen,ox=2,HFX=0.0
fe_phen_phen_phen,ox=2,HFX=0.3
fe_phen_phen_phen,ox=2,HFX=0.1
fe_phen_phen_phen,ox=2,HFX=0.15
fe_phen_phen_phen,ox=2,HFX=0.25
fe_phen_phen_phen,ox=2,HFX=0.2
co_ammonia_water_water,ox=2,HFX=0.05
co_ammonia_water_water,ox=2,HFX=0.0
co_ammonia_water_water,ox=2,HFX=0.15
co_ammonia_water_water,ox=2,HFX=0.1
co_ammonia_water_water,ox=2,HFX=0.2
co_ammonia_water_water,ox=2,HFX=0.25
co_ammonia_water_water,ox=2,HFX=0.3
mn_pisc_pisc_pisc,ox=3,HFX=0.2
mn_pisc_pisc_pisc,ox=2,HFX=0.25
mn_pisc_pisc_pisc,ox=2,HFX=0.1
mn_pisc_pisc_pisc,ox=2,HFX=0.15
mn_pisc_pisc_pisc,ox=2,HFX=0.05
mn_pisc_pisc_pisc,ox=2,HFX=0.0
mn_pisc_pisc_pisc,ox=2,HFX=0.3
mn_pisc_pisc_pisc,ox=2,HFX=0.2
fe_ammonia_ammonia_ammonia,ox=2,HFX=0.1
fe_ammonia_ammonia_ammonia,ox=2,HFX=0.25
fe_ammonia_ammonia_ammonia,ox=2,HFX=0.2
fe_ammonia_ammonia_ammonia,ox=2,HFX=0.3
fe_ammonia_ammonia_ammonia,ox=2,HFX=0.0
fe_ammonia_ammonia_ammonia,ox=2,HFX=0.05
fe_ammonia_ammonia_ammonia,ox=2,HFX=0.15
fe_ammonia_ammonia_ammonia,ox=3,HFX=0.25
fe_ammonia_ammonia_ammonia,ox=3,HFX=0.2
fe_ammonia_ammonia_ammonia,ox=3,HFX=0.3
fe_ammonia_ammonia_ammonia,ox=3,HFX=0.05
fe_ammonia_ammonia_ammonia,ox=3,HFX=0.0
fe_ammonia_ammonia_ammonia,ox=3,HFX=0.1
fe_ammonia_ammonia_ammonia,ox=3,HFX=0.15
co_tbuc_tbuc_tbuc,ox=3,HFX=0.05
co_tbuc_tbuc_tbuc,ox=3,HFX=0.1
co_tbuc_tbuc_tbuc,ox=3,HFX=0.0
co_tbuc_tbuc_tbuc,ox=3,HFX=0.15
co_tbuc_tbuc_tbuc,ox=3,HFX=0.25
co_tbuc_tbuc_tbuc,ox=3,HFX=0.3
co_tbuc_tbuc_tbuc,ox=3,HFX=0.2
co_tbuc_tbuc_tbuc,ox=2,HFX=0.0
co_tbuc_tbuc_tbuc,ox=2,HFX=0.1
co_tbuc_tbuc_tbuc,ox=2,HFX=0.2
co_tbuc_tbuc_tbuc,ox=2,HFX=0.25
co_tbuc_tbuc_tbuc,ox=2,HFX=0.3
co_tbuc_tbuc_tbuc,ox=2,HFX=0.05
co_tbuc_tbuc_tbuc,ox=2,HFX=0.15
fe_cl_pisc_pisc,ox=3,HFX=0.05
fe_cl_pisc_pisc,ox=3,HFX=0.25
fe_cl_pisc_pisc,ox=3,HFX=0.3
fe_cl_pisc_pisc,ox=3,HFX=0.2
fe_cl_pisc_pisc,ox=3,HFX=0.15
fe_cl_pisc_pisc,ox=3,HFX=0.1
fe_cl_pisc_pisc,ox=3,HFX=0.0
fe_cl_pisc_pisc,ox=2,HFX=0.3
fe_cl_pisc_pisc,ox=2,HFX=0.0
fe_cl_pisc_pisc,ox=2,HFX=0.05
fe_cl_pisc_pisc,ox=2,HFX=0.15
fe_cl_pisc_pisc,ox=2,HFX=0.1
fe_cl_pisc_pisc,ox=2,HFX=0.2
fe_cl_pisc_pisc,ox=2,HFX=0.25
mn_ammonia_pisc_pisc,ox=2,HFX=0.0
mn_ammonia_pisc_pisc,ox=2,HFX=0.05
mn_ammonia_pisc_pisc,ox=2,HFX=0.2
mn_ammonia_pisc_pisc,ox=2,HFX=0.25
mn_ammonia_pisc_pisc,ox=2,HFX=0.3
mn_ammonia_pisc_pisc,ox=2,HFX=0.15
mn_ammonia_pisc_pisc,ox=2,HFX=0.1
co_en_pisc_pisc,ox=2,HFX=0.3
co_en_pisc_pisc,ox=2,HFX=0.25
co_en_pisc_pisc,ox=2,HFX=0.2
co_en_pisc_pisc,ox=2,HFX=0.1
co_en_pisc_pisc,ox=2,HFX=0.15
co_en_pisc_pisc,ox=2,HFX=0.05
co_en_pisc_pisc,ox=2,HFX=0.0
co_ox_ox_ox,ox=3,HFX=0.0
co_ox_ox_ox,ox=3,HFX=0.1
co_ox_ox_ox,ox=3,HFX=0.2
co_ox_ox_ox,ox=3,HFX=0.3
co_ox_ox_ox,ox=3,HFX=0.25
co_ox_ox_ox,ox=3,HFX=0.05
co_ox_ox_ox,ox=3,HFX=0.15
co_ox_ox_ox,ox=2,HFX=0.2
co_ox_ox_ox,ox=2,HFX=0.3
co_ox_ox_ox,ox=2,HFX=0.25
co_ox_ox_ox,ox=2,HFX=0.1
co_ox_ox_ox,ox=2,HFX=0.05
co_ox_ox_ox,ox=2,HFX=0.15
co_ox_ox_ox,ox=2,HFX=0.0
fe_misc_misc_misc,ox=2,HFX=0.2
fe_misc_misc_misc,ox=2,HFX=0.0
fe_misc_misc_misc,ox=2,HFX=0.1
fe_misc_misc_misc,ox=2,HFX=0.15
fe_misc_misc_misc,ox=2,HFX=0.25
fe_misc_misc_misc,ox=2,HFX=0.3
fe_misc_misc_misc,ox=2,HFX=0.05
fe_misc_misc_misc,ox=3,HFX=0.3
fe_misc_misc_misc,ox=3,HFX=0.25
fe_misc_misc_misc,ox=3,HFX=0.2
fe_misc_misc_misc,ox=3,HFX=0.1
fe_misc_misc_misc,ox=3,HFX=0.15
fe_misc_misc_misc,ox=3,HFX=0.05
fe_misc_misc_misc,ox=3,HFX=0.0
cr_ox_ox_ox,ox=2,HFX=0.2
fe_ox_pisc_pisc,ox=2,HFX=0.2
fe_ox_pisc_pisc,ox=2,HFX=0.15
fe_ox_pisc_pisc,ox=2,HFX=0.0
fe_ox_pisc_pisc,ox=2,HFX=0.05
fe_ox_pisc_pisc,ox=2,HFX=0.3
fe_ox_pisc_pisc,ox=2,HFX=0.25
fe_ox_pisc_pisc,ox=2,HFX=0.1
cr_cl_ammonia_ammonia,ox=3,HFX=0.0
fe_cyanide_water_water,ox=2,HFX=0.25
fe_cyanide_water_water,ox=2,HFX=0.3
mn_water_pisc_pisc,ox=3,HFX=0.2
mn_water_pisc_pisc,ox=2,HFX=0.15
mn_water_pisc_pisc,ox=2,HFX=0.3
mn_water_pisc_pisc,ox=2,HFX=0.1
mn_water_pisc_pisc,ox=2,HFX=0.25
mn_water_pisc_pisc,ox=2,HFX=0.05
mn_water_pisc_pisc,ox=2,HFX=0.0
mn_water_pisc_pisc,ox=2,HFX=0.2
fe_isothiocyanate_isothiocyanate_isothiocyanate,ox=3,HFX=0.2
fe_isothiocyanate_isothiocyanate_isothiocyanate,ox=3,HFX=0.1
fe_isothiocyanate_isothiocyanate_isothiocyanate,ox=3,HFX=0.15
fe_isothiocyanate_isothiocyanate_isothiocyanate,ox=3,HFX=0.25
fe_isothiocyanate_isothiocyanate_isothiocyanate,ox=3,HFX=0.3
fe_isothiocyanate_isothiocyanate_isothiocyanate,ox=3,HFX=0.0
fe_isothiocyanate_isothiocyanate_isothiocyanate,ox=3,HFX=0.05
fe_isothiocyanate_isothiocyanate_isothiocyanate,ox=2,HFX=0.05
fe_isothiocyanate_isothiocyanate_isothiocyanate,ox=2,HFX=0.0
fe_isothiocyanate_isothiocyanate_isothiocyanate,ox=2,HFX=0.15
fe_isothiocyanate_isothiocyanate_isothiocyanate,ox=2,HFX=0.1
fe_isothiocyanate_isothiocyanate_isothiocyanate,ox=2,HFX=0.2
fe_isothiocyanate_isothiocyanate_isothiocyanate,ox=2,HFX=0.25
fe_isothiocyanate_isothiocyanate_isothiocyanate,ox=2,HFX=0.3
co_ox_isothiocyanate_isothiocyanate,ox=3,HFX=0.05
co_ox_isothiocyanate_isothiocyanate,ox=3,HFX=0.1
co_ox_isothiocyanate_isothiocyanate,ox=3,HFX=0.15
co_ox_isothiocyanate_isothiocyanate,ox=3,HFX=0.3
co_ox_isothiocyanate_isothiocyanate,ox=3,HFX=0.2
co_ox_isothiocyanate_isothiocyanate,ox=3,HFX=0.25
co_ox_isothiocyanate_isothiocyanate,ox=3,HFX=0.0
fe_isothiocyanate_carbonyl_carbonyl,ox=2,HFX=0.3
fe_isothiocyanate_carbonyl_carbonyl,ox=2,HFX=0.15
fe_isothiocyanate_carbonyl_carbonyl,ox=2,HFX=0.0
fe_isothiocyanate_carbonyl_carbonyl,ox=2,HFX=0.25
fe_isothiocyanate_carbonyl_carbonyl,ox=2,HFX=0.2
fe_isothiocyanate_carbonyl_carbonyl,ox=2,HFX=0.05
fe_isothiocyanate_carbonyl_carbonyl,ox=2,HFX=0.1
fe_isothiocyanate_carbonyl_carbonyl,ox=3,HFX=0.3
fe_isothiocyanate_carbonyl_carbonyl,ox=3,HFX=0.15
fe_isothiocyanate_carbonyl_carbonyl,ox=3,HFX=0.1
fe_isothiocyanate_carbonyl_carbonyl,ox=3,HFX=0.2
fe_isothiocyanate_carbonyl_carbonyl,ox=3,HFX=0.05
fe_isothiocyanate_carbonyl_carbonyl,ox=3,HFX=0.0
fe_isothiocyanate_carbonyl_carbonyl,ox=3,HFX=0.25
mn_bipy_bipy_bipy,ox=2,HFX=0.25
mn_bipy_bipy_bipy,ox=2,HFX=0.05
mn_bipy_bipy_bipy,ox=2,HFX=0.15
mn_bipy_bipy_bipy,ox=2,HFX=0.3
mn_bipy_bipy_bipy,ox=2,HFX=0.2
mn_bipy_bipy_bipy,ox=2,HFX=0.1
mn_bipy_bipy_bipy,ox=2,HFX=0.0
mn_bipy_bipy_bipy,ox=3,HFX=0.2
mn_ammonia_carbonyl_carbonyl,ox=2,HFX=0.1
mn_ammonia_carbonyl_carbonyl,ox=2,HFX=0.15
mn_ammonia_carbonyl_carbonyl,ox=2,HFX=0.3
mn_ammonia_carbonyl_carbonyl,ox=2,HFX=0.0
mn_ammonia_carbonyl_carbonyl,ox=2,HFX=0.2
mn_ammonia_carbonyl_carbonyl,ox=2,HFX=0.25
mn_ammonia_carbonyl_carbonyl,ox=2,HFX=0.05
mn_ammonia_carbonyl_carbonyl,ox=3,HFX=0.2
co_porphyrin_carbonyl_carbonyl,ox=3,HFX=0.3
co_porphyrin_carbonyl_carbonyl,ox=3,HFX=0.25
co_porphyrin_carbonyl_carbonyl,ox=2,HFX=0.3
co_porphyrin_carbonyl_carbonyl,ox=2,HFX=0.25
co_porphyrin_carbonyl_carbonyl,ox=2,HFX=0.2
fe_ox_isothiocyanate_isothiocyanate,ox=3,HFX=0.1
fe_ox_isothiocyanate_isothiocyanate,ox=3,HFX=0.0
fe_ox_isothiocyanate_isothiocyanate,ox=3,HFX=0.05
fe_ox_isothiocyanate_isothiocyanate,ox=3,HFX=0.15
fe_ox_isothiocyanate_isothiocyanate,ox=3,HFX=0.25
fe_ox_isothiocyanate_isothiocyanate,ox=3,HFX=0.2
fe_ox_isothiocyanate_isothiocyanate,ox=3,HFX=0.3
fe_cl_water_water,ox=3,HFX=0.25
fe_cl_water_water,ox=3,HFX=0.15
fe_cl_water_water,ox=3,HFX=0.1
fe_cl_water_water,ox=3,HFX=0.3
fe_cl_water_water,ox=3,HFX=0.2
fe_en_en_en,ox=3,HFX=0.3
fe_en_en_en,ox=3,HFX=0.1
fe_en_en_en,ox=3,HFX=0.15
fe_en_en_en,ox=3,HFX=0.0
fe_en_en_en,ox=3,HFX=0.05
fe_en_en_en,ox=3,HFX=0.2
fe_en_en_en,ox=3,HFX=0.25
fe_en_en_en,ox=2,HFX=0.15
fe_en_en_en,ox=2,HFX=0.1
fe_en_en_en,ox=2,HFX=0.0
fe_en_en_en,ox=2,HFX=0.05
fe_en_en_en,ox=2,HFX=0.2
fe_en_en_en,ox=2,HFX=0.25
fe_en_en_en,ox=2,HFX=0.3
co_bipy_bipy_bipy,ox=2,HFX=0.2
co_bipy_bipy_bipy,ox=2,HFX=0.25
co_bipy_bipy_bipy,ox=2,HFX=0.3
co_bipy_bipy_bipy,ox=2,HFX=0.05
co_bipy_bipy_bipy,ox=2,HFX=0.0
co_bipy_bipy_bipy,ox=2,HFX=0.1
co_bipy_bipy_bipy,ox=2,HFX=0.15
co_bipy_bipy_bipy,ox=3,HFX=0.25
co_bipy_bipy_bipy,ox=3,HFX=0.1
co_bipy_bipy_bipy,ox=3,HFX=0.15
co_bipy_bipy_bipy,ox=3,HFX=0.0
co_bipy_bipy_bipy,ox=3,HFX=0.05
co_bipy_bipy_bipy,ox=3,HFX=0.3
co_bipy_bipy_bipy,ox=3,HFX=0.2
co_phen_phen_phen,ox=3,HFX=0.3
co_phen_phen_phen,ox=3,HFX=0.1
co_phen_phen_phen,ox=3,HFX=0.15
co_phen_phen_phen,ox=3,HFX=0.25
co_phen_phen_phen,ox=3,HFX=0.05
co_phen_phen_phen,ox=3,HFX=0.0
co_phen_phen_phen,ox=3,HFX=0.2
co_phen_phen_phen,ox=2,HFX=0.05
co_phen_phen_phen,ox=2,HFX=0.0
co_phen_phen_phen,ox=2,HFX=0.2
co_phen_phen_phen,ox=2,HFX=0.15
co_phen_phen_phen,ox=2,HFX=0.1
co_phen_phen_phen,ox=2,HFX=0.25
co_phen_phen_phen,ox=2,HFX=0.3
co_carbonyl_carbonyl_carbonyl,ox=2,HFX=0.15
co_carbonyl_carbonyl_carbonyl,ox=2,HFX=0.1
co_carbonyl_carbonyl_carbonyl,ox=2,HFX=0.05
co_carbonyl_carbonyl_carbonyl,ox=2,HFX=0.0
co_carbonyl_carbonyl_carbonyl,ox=2,HFX=0.25
co_carbonyl_carbonyl_carbonyl,ox=2,HFX=0.2
co_carbonyl_carbonyl_carbonyl,ox=2,HFX=0.3
co_carbonyl_carbonyl_carbonyl,ox=3,HFX=0.15
co_carbonyl_carbonyl_carbonyl,ox=3,HFX=0.05
co_carbonyl_carbonyl_carbonyl,ox=3,HFX=0.0
co_carbonyl_carbonyl_carbonyl,ox=3,HFX=0.1
co_carbonyl_carbonyl_carbonyl,ox=3,HFX=0.2
co_carbonyl_carbonyl_carbonyl,ox=3,HFX=0.25
co_carbonyl_carbonyl_carbonyl,ox=3,HFX=0.3
mn_en_water_water,ox=2,HFX=0.0
mn_en_water_water,ox=2,HFX=0.25
mn_en_water_water,ox=2,HFX=0.2
mn_en_water_water,ox=2,HFX=0.3
mn_en_water_water,ox=2,HFX=0.05
mn_en_water_water,ox=2,HFX=0.15
mn_en_water_water,ox=2,HFX=0.1
cr_carbonyl_cyanide_cyanide,ox=2,HFX=0.2
cr_carbonyl_cyanide_cyanide,ox=3,HFX=0.1
cr_carbonyl_cyanide_cyanide,ox=3,HFX=0.25
cr_carbonyl_cyanide_cyanide,ox=3,HFX=0.0
cr_carbonyl_cyanide_cyanide,ox=3,HFX=0.3
cr_carbonyl_cyanide_cyanide,ox=3,HFX=0.05
cr_carbonyl_cyanide_cyanide,ox=3,HFX=0.15
cr_carbonyl_cyanide_cyanide,ox=3,HFX=0.2
fe_isothiocyanate_cyanide_cyanide,ox=3,HFX=0.05
fe_isothiocyanate_cyanide_cyanide,ox=3,HFX=0.0
fe_isothiocyanate_cyanide_cyanide,ox=3,HFX=0.3
fe_isothiocyanate_cyanide_cyanide,ox=3,HFX=0.2
fe_isothiocyanate_cyanide_cyanide,ox=3,HFX=0.25
fe_isothiocyanate_cyanide_cyanide,ox=3,HFX=0.15
fe_isothiocyanate_cyanide_cyanide,ox=3,HFX=0.1
mn_ammonia_ammonia_ammonia,ox=2,HFX=0.2
mn_ammonia_ammonia_ammonia,ox=2,HFX=0.15
mn_ammonia_ammonia_ammonia,ox=2,HFX=0.0
mn_ammonia_ammonia_ammonia,ox=2,HFX=0.3
mn_ammonia_ammonia_ammonia,ox=2,HFX=0.25
mn_ammonia_ammonia_ammonia,ox=2,HFX=0.1
mn_ammonia_ammonia_ammonia,ox=2,HFX=0.05
mn_ammonia_ammonia_ammonia,ox=3,HFX=0.2
co_porphyrin_ammonia_ammonia,ox=2,HFX=0.3
co_porphyrin_ammonia_ammonia,ox=2,HFX=0.2
co_porphyrin_ammonia_ammonia,ox=2,HFX=0.15
co_porphyrin_ammonia_ammonia,ox=2,HFX=0.25
cr_misc_misc_misc,ox=2,HFX=0.2
co_phen_water_water,ox=2,HFX=0.2
co_phen_water_water,ox=2,HFX=0.25
co_phen_water_water,ox=2,HFX=0.3
co_phen_water_water,ox=2,HFX=0.05
co_phen_water_water,ox=2,HFX=0.0
co_phen_water_water,ox=2,HFX=0.15
co_phen_water_water,ox=2,HFX=0.1
cr_isothiocyanate_pisc_pisc,ox=2,HFX=0.0
cr_tbuc_pisc_pisc,ox=3,HFX=0.0
cr_tbuc_pisc_pisc,ox=3,HFX=0.1
cr_tbuc_pisc_pisc,ox=3,HFX=0.15
cr_tbuc_pisc_pisc,ox=3,HFX=0.25
cr_tbuc_pisc_pisc,ox=3,HFX=0.2
cr_tbuc_pisc_pisc,ox=3,HFX=0.3
cr_tbuc_pisc_pisc,ox=3,HFX=0.05
fe_tbuc_carbonyl_carbonyl,ox=2,HFX=0.3
mn_en_carbonyl_carbonyl,ox=3,HFX=0.0
mn_en_carbonyl_carbonyl,ox=3,HFX=0.05
mn_en_carbonyl_carbonyl,ox=3,HFX=0.2
mn_en_carbonyl_carbonyl,ox=2,HFX=0.1
mn_en_carbonyl_carbonyl,ox=2,HFX=0.2
mn_en_carbonyl_carbonyl,ox=2,HFX=0.3
mn_en_carbonyl_carbonyl,ox=2,HFX=0.15
mn_en_carbonyl_carbonyl,ox=2,HFX=0.0
mn_en_carbonyl_carbonyl,ox=2,HFX=0.25
mn_en_carbonyl_carbonyl,ox=2,HFX=0.05
mn_isothiocyanate_isothiocyanate_isothiocyanate,ox=2,HFX=0.25
mn_isothiocyanate_isothiocyanate_isothiocyanate,ox=2,HFX=0.1
mn_isothiocyanate_isothiocyanate_isothiocyanate,ox=2,HFX=0.0
mn_isothiocyanate_isothiocyanate_isothiocyanate,ox=2,HFX=0.3
mn_isothiocyanate_isothiocyanate_isothiocyanate,ox=2,HFX=0.05
mn_isothiocyanate_isothiocyanate_isothiocyanate,ox=2,HFX=0.2
mn_isothiocyanate_isothiocyanate_isothiocyanate,ox=2,HFX=0.15
mn_isothiocyanate_isothiocyanate_isothiocyanate,ox=3,HFX=0.2
mn_cyanide_ammonia_ammonia,ox=3,HFX=0.25
mn_cyanide_ammonia_ammonia,ox=3,HFX=0.2
co_en_en_en,ox=2,HFX=0.05
co_en_en_en,ox=2,HFX=0.2
co_en_en_en,ox=2,HFX=0.25
co_en_en_en,ox=2,HFX=0.3
co_en_en_en,ox=2,HFX=0.0
co_en_en_en,ox=2,HFX=0.15
co_en_en_en,ox=2,HFX=0.1
co_en_en_en,ox=3,HFX=0.3
co_en_en_en,ox=3,HFX=0.05
co_en_en_en,ox=3,HFX=0.25
co_en_en_en,ox=3,HFX=0.2
co_en_en_en,ox=3,HFX=0.0
co_en_en_en,ox=3,HFX=0.15
co_en_en_en,ox=3,HFX=0.1
cr_tbuc_tbuc_tbuc,ox=3,HFX=0.15
cr_tbuc_tbuc_tbuc,ox=3,HFX=0.1
cr_tbuc_tbuc_tbuc,ox=3,HFX=0.2
cr_tbuc_tbuc_tbuc,ox=2,HFX=0.2
mn_en_cyanide_cyanide,ox=2,HFX=0.3
mn_en_cyanide_cyanide,ox=2,HFX=0.05
mn_en_cyanide_cyanide,ox=2,HFX=0.2
mn_en_cyanide_cyanide,ox=2,HFX=0.25
mn_en_cyanide_cyanide,ox=2,HFX=0.1
mn_en_cyanide_cyanide,ox=2,HFX=0.15
mn_en_cyanide_cyanide,ox=2,HFX=0.0
mn_carbonyl_ammonia_ammonia,ox=2,HFX=0.3
mn_carbonyl_ammonia_ammonia,ox=2,HFX=0.1
mn_carbonyl_ammonia_ammonia,ox=2,HFX=0.25
mn_carbonyl_ammonia_ammonia,ox=2,HFX=0.05
mn_carbonyl_ammonia_ammonia,ox=2,HFX=0.2
mn_carbonyl_ammonia_ammonia,ox=2,HFX=0.0
mn_carbonyl_ammonia_ammonia,ox=2,HFX=0.15
cr_pisc_isothiocyanate_isothiocyanate,ox=2,HFX=0.2
mn_misc_misc_misc,ox=3,HFX=0.2
mn_misc_misc_misc,ox=2,HFX=0.15
mn_misc_misc_misc,ox=2,HFX=0.3
mn_misc_misc_misc,ox=2,HFX=0.25
mn_misc_misc_misc,ox=2,HFX=0.1
mn_misc_misc_misc,ox=2,HFX=0.05
mn_misc_misc_misc,ox=2,HFX=0.2
mn_misc_misc_misc,ox=2,HFX=0.0
mn_cyanide_cyanide_cyanide,ox=2,HFX=0.2
mn_cyanide_cyanide_cyanide,ox=2,HFX=0.1
mn_cyanide_cyanide_cyanide,ox=2,HFX=0.05
mn_cyanide_cyanide_cyanide,ox=2,HFX=0.15
mn_cyanide_cyanide_cyanide,ox=2,HFX=0.3
mn_cyanide_cyanide_cyanide,ox=2,HFX=0.25
mn_cyanide_cyanide_cyanide,ox=2,HFX=0.0
mn_cyanide_cyanide_cyanide,ox=3,HFX=0.2
co_tbuc_pisc_pisc,ox=3,HFX=0.25
co_tbuc_pisc_pisc,ox=3,HFX=0.3
co_tbuc_pisc_pisc,ox=3,HFX=0.05
co_tbuc_pisc_pisc,ox=3,HFX=0.1
co_tbuc_pisc_pisc,ox=3,HFX=0.15
co_tbuc_pisc_pisc,ox=3,HFX=0.0
co_tbuc_pisc_pisc,ox=3,HFX=0.2
mn_ox_ox_ox,ox=3,HFX=0.2
mn_ox_ox_ox,ox=2,HFX=0.05
mn_ox_ox_ox,ox=2,HFX=0.15
mn_ox_ox_ox,ox=2,HFX=0.2
mn_ox_ox_ox,ox=2,HFX=0.0
mn_ox_ox_ox,ox=2,HFX=0.1
fe_water_pisc_pisc,ox=3,HFX=0.25
fe_water_pisc_pisc,ox=3,HFX=0.3
co_water_isothiocyanate_isothiocyanate,ox=2,HFX=0.1
co_water_isothiocyanate_isothiocyanate,ox=2,HFX=0.15
co_water_isothiocyanate_isothiocyanate,ox=2,HFX=0.3
co_water_isothiocyanate_isothiocyanate,ox=2,HFX=0.2
co_water_isothiocyanate_isothiocyanate,ox=2,HFX=0.25
co_cyanide_cyanide_cyanide,ox=3,HFX=0.0
co_cyanide_cyanide_cyanide,ox=3,HFX=0.05
co_cyanide_cyanide_cyanide,ox=3,HFX=0.2
co_cyanide_cyanide_cyanide,ox=3,HFX=0.25
co_cyanide_cyanide_cyanide,ox=3,HFX=0.3
co_cyanide_cyanide_cyanide,ox=3,HFX=0.1
co_cyanide_cyanide_cyanide,ox=3,HFX=0.15
co_cyanide_cyanide_cyanide,ox=2,HFX=0.3
co_cyanide_cyanide_cyanide,ox=2,HFX=0.25
cr_cyanide_cyanide_cyanide,ox=2,HFX=0.2
mn_porphyrin_ammonia_ammonia,ox=2,HFX=0.0
mn_porphyrin_ammonia_ammonia,ox=2,HFX=0.05
mn_porphyrin_ammonia_ammonia,ox=2,HFX=0.1
mn_porphyrin_ammonia_ammonia,ox=2,HFX=0.3
mn_porphyrin_ammonia_ammonia,ox=3,HFX=0.1
mn_porphyrin_ammonia_ammonia,ox=3,HFX=0.3
mn_porphyrin_ammonia_ammonia,ox=3,HFX=0.15
mn_porphyrin_ammonia_ammonia,ox=3,HFX=0.25
mn_porphyrin_ammonia_ammonia,ox=3,HFX=0.2
cr_carbonyl_carbonyl_carbonyl,ox=2,HFX=0.2
co_cyanide_water_water,ox=3,HFX=0.25
co_cyanide_water_water,ox=3,HFX=0.3
co_cyanide_water_water,ox=3,HFX=0.2
co_cyanide_water_water,ox=3,HFX=0.15
mn_carbonyl_carbonyl_carbonyl,ox=2,HFX=0.2
mn_carbonyl_carbonyl_carbonyl,ox=2,HFX=0.05
mn_carbonyl_carbonyl_carbonyl,ox=2,HFX=0.3
mn_carbonyl_carbonyl_carbonyl,ox=2,HFX=0.15
mn_carbonyl_carbonyl_carbonyl,ox=2,HFX=0.25
mn_carbonyl_carbonyl_carbonyl,ox=2,HFX=0.1
mn_carbonyl_carbonyl_carbonyl,ox=2,HFX=0.0
mn_carbonyl_carbonyl_carbonyl,ox=3,HFX=0.25
mn_carbonyl_carbonyl_carbonyl,ox=3,HFX=0.2
cr_phen_phen_phen,ox=2,HFX=0.2
cr_ammonia_cyanide_cyanide,ox=2,HFX=0.2
fe_pisc_water_water,ox=3,HFX=0.15
fe_pisc_water_water,ox=3,HFX=0.3
fe_pisc_water_water,ox=3,HFX=0.2
fe_pisc_water_water,ox=3,HFX=0.25
fe_pisc_water_water,ox=3,HFX=0.1
fe_pisc_water_water,ox=3,HFX=0.0
fe_pisc_water_water,ox=3,HFX=0.05
cr_en_en_en,ox=2,HFX=0.2
mn_phen_ammonia_ammonia,ox=3,HFX=0.15
mn_phen_ammonia_ammonia,ox=3,HFX=0.1
mn_phen_ammonia_ammonia,ox=3,HFX=0.05
mn_phen_ammonia_ammonia,ox=3,HFX=0.3
mn_phen_ammonia_ammonia,ox=3,HFX=0.25
mn_phen_ammonia_ammonia,ox=3,HFX=0.0
mn_phen_ammonia_ammonia,ox=3,HFX=0.2
mn_phen_ammonia_ammonia,ox=2,HFX=0.1
mn_phen_ammonia_ammonia,ox=2,HFX=0.15
mn_phen_ammonia_ammonia,ox=2,HFX=0.3
mn_phen_ammonia_ammonia,ox=2,HFX=0.0
mn_phen_ammonia_ammonia,ox=2,HFX=0.05
mn_phen_ammonia_ammonia,ox=2,HFX=0.25
mn_phen_ammonia_ammonia,ox=2,HFX=0.2
cr_ox_pisc_pisc,ox=3,HFX=0.25
cr_ox_pisc_pisc,ox=3,HFX=0.3
cr_ox_pisc_pisc,ox=3,HFX=0.2
cr_ox_pisc_pisc,ox=3,HFX=0.05
cr_ox_pisc_pisc,ox=3,HFX=0.0
cr_ox_pisc_pisc,ox=3,HFX=0.1
cr_ox_pisc_pisc,ox=3,HFX=0.15
fe_isothiocyanate_cl_cl,ox=3,HFX=0.3
fe_isothiocyanate_cl_cl,ox=3,HFX=0.2
fe_isothiocyanate_cl_cl,ox=3,HFX=0.25
fe_isothiocyanate_cl_cl,ox=3,HFX=0.15
fe_isothiocyanate_cl_cl,ox=3,HFX=0.1
fe_isothiocyanate_cl_cl,ox=3,HFX=0.0
fe_isothiocyanate_cl_cl,ox=3,HFX=0.05
fe_en_carbonyl_carbonyl,ox=2,HFX=0.0
fe_en_carbonyl_carbonyl,ox=2,HFX=0.25
fe_en_carbonyl_carbonyl,ox=2,HFX=0.2
fe_en_carbonyl_carbonyl,ox=2,HFX=0.3
fe_en_carbonyl_carbonyl,ox=2,HFX=0.15
fe_en_carbonyl_carbonyl,ox=2,HFX=0.1
fe_en_carbonyl_carbonyl,ox=2,HFX=0.05
co_bipy_cl_cl,ox=3,HFX=0.0
co_bipy_cl_cl,ox=3,HFX=0.05
co_bipy_cl_cl,ox=3,HFX=0.1
co_bipy_cl_cl,ox=3,HFX=0.15
co_bipy_cl_cl,ox=3,HFX=0.25
co_bipy_cl_cl,ox=3,HFX=0.2
co_bipy_cl_cl,ox=3,HFX=0.3
cr_acac_acac_acac,ox=2,HFX=0.25
cr_acac_acac_acac,ox=2,HFX=0.15
cr_acac_acac_acac,ox=2,HFX=0.3
cr_acac_acac_acac,ox=2,HFX=0.0
cr_acac_acac_acac,ox=2,HFX=0.1
cr_acac_acac_acac,ox=2,HFX=0.05
mn_acac_acac_acac,ox=2,HFX=0.2
mn_acac_acac_acac,ox=2,HFX=0.1
mn_acac_acac_acac,ox=2,HFX=0.3
mn_acac_acac_acac,ox=2,HFX=0.0
mn_acac_acac_acac,ox=2,HFX=0.15
mn_acac_acac_acac,ox=2,HFX=0.05
mn_acac_acac_acac,ox=2,HFX=0.25
mn_acac_acac_acac,ox=3,HFX=0.15
mn_acac_acac_acac,ox=3,HFX=0.25
mn_acac_acac_acac,ox=3,HFX=0.2
mn_acac_acac_acac,ox=3,HFX=0.0
mn_acac_acac_acac,ox=3,HFX=0.1
mn_acac_acac_acac,ox=3,HFX=0.05
mn_acac_acac_acac,ox=3,HFX=0.3
cr_ox_water_water,ox=3,HFX=0.1
cr_ox_water_water,ox=3,HFX=0.15
cr_ox_water_water,ox=3,HFX=0.25
cr_ox_water_water,ox=3,HFX=0.05
cr_ox_water_water,ox=3,HFX=0.0
mn_isothiocyanate_pisc_pisc,ox=3,HFX=0.2
mn_isothiocyanate_pisc_pisc,ox=3,HFX=0.05
mn_isothiocyanate_pisc_pisc,ox=3,HFX=0.1
mn_isothiocyanate_pisc_pisc,ox=3,HFX=0.15
mn_isothiocyanate_pisc_pisc,ox=3,HFX=0.3
mn_isothiocyanate_pisc_pisc,ox=3,HFX=0.0
mn_isothiocyanate_pisc_pisc,ox=3,HFX=0.25
mn_isothiocyanate_pisc_pisc,ox=2,HFX=0.0
mn_isothiocyanate_pisc_pisc,ox=2,HFX=0.25
mn_isothiocyanate_pisc_pisc,ox=2,HFX=0.2
mn_isothiocyanate_pisc_pisc,ox=2,HFX=0.05
mn_isothiocyanate_pisc_pisc,ox=2,HFX=0.1
mn_isothiocyanate_pisc_pisc,ox=2,HFX=0.15
mn_isothiocyanate_pisc_pisc,ox=2,HFX=0.3
mn_pisc_isothiocyanate_isothiocyanate,ox=3,HFX=0.15
mn_pisc_isothiocyanate_isothiocyanate,ox=3,HFX=0.1
mn_pisc_isothiocyanate_isothiocyanate,ox=3,HFX=0.3
mn_pisc_isothiocyanate_isothiocyanate,ox=3,HFX=0.2
mn_pisc_isothiocyanate_isothiocyanate,ox=3,HFX=0.25
mn_pisc_isothiocyanate_isothiocyanate,ox=3,HFX=0.05
mn_phen_chloride_chloride,ox=3,HFX=0.05
mn_phen_chloride_chloride,ox=3,HFX=0.0
mn_phen_chloride_chloride,ox=3,HFX=0.2
mn_phen_chloride_chloride,ox=3,HFX=0.1
mn_phen_chloride_chloride,ox=3,HFX=0.15
mn_phen_chloride_chloride,ox=2,HFX=0.15
mn_phen_chloride_chloride,ox=2,HFX=0.3
mn_phen_chloride_chloride,ox=2,HFX=0.2
mn_phen_chloride_chloride,ox=2,HFX=0.1
mn_phen_chloride_chloride,ox=2,HFX=0.0
mn_phen_chloride_chloride,ox=2,HFX=0.25
mn_phen_chloride_chloride,ox=2,HFX=0.05
cr_phen_chloride_chloride,ox=3,HFX=0.15
cr_phen_chloride_chloride,ox=3,HFX=0.25
cr_phen_chloride_chloride,ox=3,HFX=0.0
cr_phen_chloride_chloride,ox=3,HFX=0.05
cr_phen_chloride_chloride,ox=3,HFX=0.2
cr_phen_chloride_chloride,ox=3,HFX=0.1
cr_phen_chloride_chloride,ox=3,HFX=0.3
mn_ox_water_water,ox=3,HFX=0.2
mn_ammonia_cyanide_cyanide,ox=2,HFX=0.05
mn_ammonia_cyanide_cyanide,ox=2,HFX=0.1
mn_ammonia_cyanide_cyanide,ox=2,HFX=0.3
mn_ammonia_cyanide_cyanide,ox=2,HFX=0.15
mn_ammonia_cyanide_cyanide,ox=2,HFX=0.0
mn_ammonia_cyanide_cyanide,ox=2,HFX=0.2
mn_ammonia_cyanide_cyanide,ox=2,HFX=0.25
mn_ammonia_cyanide_cyanide,ox=3,HFX=0.2
cr_tbuc_ammonia_ammonia,ox=2,HFX=0.05
cr_tbuc_ammonia_ammonia,ox=2,HFX=0.1
cr_tbuc_ammonia_ammonia,ox=2,HFX=0.3
cr_tbuc_ammonia_ammonia,ox=2,HFX=0.25
cr_tbuc_ammonia_ammonia,ox=2,HFX=0.15
cr_tbuc_ammonia_ammonia,ox=2,HFX=0.0
cr_tbuc_ammonia_ammonia,ox=2,HFX=0.2
cr_phen_ammonia_ammonia,ox=2,HFX=0.2
mn_carbonyl_cyanide_cyanide,ox=2,HFX=0.3
mn_carbonyl_cyanide_cyanide,ox=2,HFX=0.15
mn_carbonyl_cyanide_cyanide,ox=2,HFX=0.1
mn_carbonyl_cyanide_cyanide,ox=2,HFX=0.0
mn_carbonyl_cyanide_cyanide,ox=2,HFX=0.25
mn_carbonyl_cyanide_cyanide,ox=2,HFX=0.05
mn_carbonyl_cyanide_cyanide,ox=2,HFX=0.2
mn_carbonyl_cyanide_cyanide,ox=3,HFX=0.2
cr_water_pisc_pisc,ox=2,HFX=0.2
cr_water_pisc_pisc,ox=2,HFX=0.05
cr_water_pisc_pisc,ox=2,HFX=0.1
cr_water_isothiocyanate_isothiocyanate,ox=3,HFX=0.2
cr_isothiocyanate_chloride_chloride,ox=2,HFX=0.2
cr_ammonia_carbonyl_carbonyl,ox=3,HFX=0.0
cr_ammonia_carbonyl_carbonyl,ox=3,HFX=0.25
cr_ammonia_carbonyl_carbonyl,ox=3,HFX=0.2
cr_ammonia_carbonyl_carbonyl,ox=3,HFX=0.05
cr_ammonia_carbonyl_carbonyl,ox=3,HFX=0.1
cr_ammonia_carbonyl_carbonyl,ox=3,HFX=0.15
cr_ammonia_carbonyl_carbonyl,ox=3,HFX=0.3
mn_water_chloride_chloride,ox=2,HFX=0.3
mn_water_chloride_chloride,ox=2,HFX=0.2
mn_water_chloride_chloride,ox=2,HFX=0.25
mn_water_chloride_chloride,ox=2,HFX=0.0
mn_water_chloride_chloride,ox=2,HFX=0.05
mn_water_chloride_chloride,ox=2,HFX=0.15
mn_water_chloride_chloride,ox=2,HFX=0.1
mn_water_chloride_chloride,ox=3,HFX=0.2
cr_carbonyl_ammonia_ammonia,ox=3,HFX=0.0
cr_carbonyl_ammonia_ammonia,ox=3,HFX=0.2
cr_carbonyl_ammonia_ammonia,ox=3,HFX=0.05
cr_carbonyl_ammonia_ammonia,ox=3,HFX=0.25
cr_carbonyl_ammonia_ammonia,ox=3,HFX=0.3
cr_carbonyl_ammonia_ammonia,ox=3,HFX=0.15
cr_carbonyl_ammonia_ammonia,ox=3,HFX=0.1
cr_carbonyl_ammonia_ammonia,ox=2,HFX=0.0
cr_carbonyl_ammonia_ammonia,ox=2,HFX=0.2
cr_carbonyl_ammonia_ammonia,ox=2,HFX=0.05
cr_carbonyl_ammonia_ammonia,ox=2,HFX=0.1
mn_isothiocyanate_chloride_chloride,ox=2,HFX=0.15
mn_isothiocyanate_chloride_chloride,ox=2,HFX=0.1
mn_isothiocyanate_chloride_chloride,ox=2,HFX=0.25
mn_isothiocyanate_chloride_chloride,ox=2,HFX=0.05
mn_isothiocyanate_chloride_chloride,ox=2,HFX=0.2
mn_isothiocyanate_chloride_chloride,ox=3,HFX=0.2
mn_tbuc_ammonia_ammonia,ox=3,HFX=0.0
mn_tbuc_ammonia_ammonia,ox=3,HFX=0.25
mn_tbuc_ammonia_ammonia,ox=3,HFX=0.2
mn_tbuc_ammonia_ammonia,ox=3,HFX=0.3
mn_tbuc_ammonia_ammonia,ox=3,HFX=0.05
mn_tbuc_ammonia_ammonia,ox=3,HFX=0.1
mn_tbuc_ammonia_ammonia,ox=3,HFX=0.15
cr_water_chloride_chloride,ox=2,HFX=0.2
cr_en_carbonyl_carbonyl,ox=3,HFX=0.1
cr_en_carbonyl_carbonyl,ox=3,HFX=0.15
cr_en_carbonyl_carbonyl,ox=3,HFX=0.3
cr_en_carbonyl_carbonyl,ox=3,HFX=0.25
cr_en_carbonyl_carbonyl,ox=3,HFX=0.05
cr_en_carbonyl_carbonyl,ox=3,HFX=0.2
cr_en_carbonyl_carbonyl,ox=3,HFX=0.0
fe_acac_isothiocyanate_isothiocyanate,ox=2,HFX=0.2
fe_acac_isothiocyanate_isothiocyanate,ox=2,HFX=0.3
fe_acac_isothiocyanate_isothiocyanate,ox=2,HFX=0.0
fe_acac_isothiocyanate_isothiocyanate,ox=2,HFX=0.1
fe_acac_isothiocyanate_isothiocyanate,ox=2,HFX=0.25
fe_acac_isothiocyanate_isothiocyanate,ox=2,HFX=0.05
fe_acac_isothiocyanate_isothiocyanate,ox=2,HFX=0.15
co_acac_cyanide_cyanide,ox=2,HFX=0.3
co_acac_cyanide_cyanide,ox=2,HFX=0.15
co_acac_cyanide_cyanide,ox=2,HFX=0.2
co_acac_cyanide_cyanide,ox=2,HFX=0.05
co_acac_cyanide_cyanide,ox=2,HFX=0.25
co_acac_cyanide_cyanide,ox=2,HFX=0.0
co_acac_cyanide_cyanide,ox=2,HFX=0.1
co_acac_cyanide_cyanide,ox=3,HFX=0.05
co_acac_cyanide_cyanide,ox=3,HFX=0.15
co_acac_cyanide_cyanide,ox=3,HFX=0.3
co_acac_cyanide_cyanide,ox=3,HFX=0.1
co_acac_cyanide_cyanide,ox=3,HFX=0.0
co_acac_cyanide_cyanide,ox=3,HFX=0.25
co_acac_isothiocyanate_isothiocyanate,ox=2,HFX=0.15
co_acac_isothiocyanate_isothiocyanate,ox=2,HFX=0.05
co_acac_isothiocyanate_isothiocyanate,ox=2,HFX=0.2
co_acac_isothiocyanate_isothiocyanate,ox=2,HFX=0.0
co_acac_isothiocyanate_isothiocyanate,ox=2,HFX=0.1
co_acac_isothiocyanate_isothiocyanate,ox=2,HFX=0.25
co_acac_isothiocyanate_isothiocyanate,ox=2,HFX=0.3
fe_acac_cyanide_cyanide,ox=3,HFX=0.1
fe_acac_cyanide_cyanide,ox=3,HFX=0.05
fe_acac_cyanide_cyanide,ox=3,HFX=0.15
fe_acac_cyanide_cyanide,ox=3,HFX=0.25
fe_acac_cyanide_cyanide,ox=3,HFX=0.0
fe_acac_cyanide_cyanide,ox=3,HFX=0.2
fe_acac_cyanide_cyanide,ox=3,HFX=0.3
fe_acac_cyanide_cyanide,ox=2,HFX=0.0
fe_acac_cyanide_cyanide,ox=2,HFX=0.1
fe_acac_cyanide_cyanide,ox=2,HFX=0.3
fe_acac_cyanide_cyanide,ox=2,HFX=0.15
fe_acac_cyanide_cyanide,ox=2,HFX=0.05
fe_acac_cyanide_cyanide,ox=2,HFX=0.25
fe_acac_cyanide_cyanide,ox=2,HFX=0.2
fe_acac_acac_acac,ox=3,HFX=0.3
fe_acac_acac_acac,ox=3,HFX=0.1
fe_acac_acac_acac,ox=3,HFX=0.0
fe_acac_acac_acac,ox=3,HFX=0.15
fe_acac_acac_acac,ox=3,HFX=0.25
fe_acac_acac_acac,ox=3,HFX=0.05
fe_acac_acac_acac,ox=3,HFX=0.2
fe_acac_acac_acac,ox=2,HFX=0.25
fe_acac_acac_acac,ox=2,HFX=0.05
fe_acac_acac_acac,ox=2,HFX=0.1
fe_acac_acac_acac,ox=2,HFX=0.0
fe_acac_acac_acac,ox=2,HFX=0.3
fe_acac_acac_acac,ox=2,HFX=0.2
fe_acac_acac_acac,ox=2,HFX=0.15
mn_acac_ammonia_ammonia,ox=3,HFX=0.15
mn_acac_ammonia_ammonia,ox=3,HFX=0.05
mn_acac_ammonia_ammonia,ox=3,HFX=0.25
mn_acac_ammonia_ammonia,ox=3,HFX=0.3
mn_acac_ammonia_ammonia,ox=3,HFX=0.2
mn_acac_ammonia_ammonia,ox=3,HFX=0.1
mn_acac_ammonia_ammonia,ox=3,HFX=0.0
mn_acac_ammonia_ammonia,ox=2,HFX=0.05
mn_acac_ammonia_ammonia,ox=2,HFX=0.3
mn_acac_ammonia_ammonia,ox=2,HFX=0.15
mn_acac_ammonia_ammonia,ox=2,HFX=0.25
mn_acac_ammonia_ammonia,ox=2,HFX=0.0
mn_acac_ammonia_ammonia,ox=2,HFX=0.1
mn_acac_ammonia_ammonia,ox=2,HFX=0.2
co_acac_acac_acac,ox=2,HFX=0.05
co_acac_acac_acac,ox=2,HFX=0.15
co_acac_acac_acac,ox=2,HFX=0.3
co_acac_acac_acac,ox=2,HFX=0.25
co_acac_acac_acac,ox=2,HFX=0.0
co_acac_acac_acac,ox=2,HFX=0.2
co_acac_acac_acac,ox=2,HFX=0.1
co_acac_acac_acac,ox=3,HFX=0.3
co_acac_acac_acac,ox=3,HFX=0.05
co_acac_acac_acac,ox=3,HFX=0.15
co_acac_acac_acac,ox=3,HFX=0.25
co_acac_acac_acac,ox=3,HFX=0.2
co_acac_acac_acac,ox=3,HFX=0.1
co_acac_acac_acac,ox=3,HFX=0.0
co_acac_ammonia_ammonia,ox=2,HFX=0.2
co_acac_ammonia_ammonia,ox=2,HFX=0.0
co_acac_ammonia_ammonia,ox=2,HFX=0.1
co_acac_ammonia_ammonia,ox=2,HFX=0.05
co_acac_ammonia_ammonia,ox=2,HFX=0.15
co_acac_ammonia_ammonia,ox=2,HFX=0.3
co_acac_ammonia_ammonia,ox=2,HFX=0.25
co_acac_ammonia_ammonia,ox=3,HFX=0.3
co_acac_ammonia_ammonia,ox=3,HFX=0.25
co_acac_ammonia_ammonia,ox=3,HFX=0.15
co_acac_ammonia_ammonia,ox=3,HFX=0.1
co_acac_ammonia_ammonia,ox=3,HFX=0.0
co_acac_ammonia_ammonia,ox=3,HFX=0.2
co_acac_ammonia_ammonia,ox=3,HFX=0.05
fe_acac_chloride_chloride,ox=3,HFX=0.15
fe_acac_chloride_chloride,ox=3,HFX=0.25
fe_acac_chloride_chloride,ox=3,HFX=0.0
fe_acac_chloride_chloride,ox=3,HFX=0.1
fe_acac_chloride_chloride,ox=3,HFX=0.2
fe_acac_chloride_chloride,ox=3,HFX=0.05
fe_acac_chloride_chloride,ox=3,HFX=0.3
fe_acac_chloride_chloride,ox=2,HFX=0.1
fe_acac_chloride_chloride,ox=2,HFX=0.2
fe_acac_chloride_chloride,ox=2,HFX=0.05
fe_acac_chloride_chloride,ox=2,HFX=0.15
fe_acac_chloride_chloride,ox=2,HFX=0.3
fe_acac_chloride_chloride,ox=2,HFX=0.25
fe_acac_chloride_chloride,ox=2,HFX=0.0
co_chloride_pisc_pisc,ox=3,HFX=0.0
co_chloride_pisc_pisc,ox=3,HFX=0.05
co_chloride_pisc_pisc,ox=3,HFX=0.15
co_chloride_pisc_pisc,ox=3,HFX=0.25
co_chloride_pisc_pisc,ox=3,HFX=0.1
co_chloride_pisc_pisc,ox=3,HFX=0.3
co_acac_carbonyl_carbonyl,ox=3,HFX=0.0
co_acac_carbonyl_carbonyl,ox=3,HFX=0.1
co_acac_carbonyl_carbonyl,ox=3,HFX=0.3
co_acac_carbonyl_carbonyl,ox=3,HFX=0.25
co_acac_carbonyl_carbonyl,ox=3,HFX=0.05
co_acac_carbonyl_carbonyl,ox=3,HFX=0.15
co_misc_ammonia_ammonia,ox=3,HFX=0.05
co_misc_ammonia_ammonia,ox=3,HFX=0.0
co_misc_ammonia_ammonia,ox=3,HFX=0.2
co_misc_ammonia_ammonia,ox=3,HFX=0.1
co_misc_ammonia_ammonia,ox=3,HFX=0.3
co_misc_ammonia_ammonia,ox=3,HFX=0.25
co_misc_ammonia_ammonia,ox=3,HFX=0.15
co_misc_ammonia_ammonia,ox=2,HFX=0.05
co_misc_ammonia_ammonia,ox=2,HFX=0.2
co_misc_ammonia_ammonia,ox=2,HFX=0.25
co_misc_ammonia_ammonia,ox=2,HFX=0.1
co_misc_ammonia_ammonia,ox=2,HFX=0.3
co_misc_ammonia_ammonia,ox=2,HFX=0.15
co_misc_ammonia_ammonia,ox=2,HFX=0.0
co_acac_misc_misc,ox=2,HFX=0.1
co_acac_misc_misc,ox=2,HFX=0.15
co_acac_misc_misc,ox=2,HFX=0.3
co_acac_misc_misc,ox=2,HFX=0.25
co_acac_misc_misc,ox=2,HFX=0.05
co_acac_misc_misc,ox=2,HFX=0.0
co_acac_misc_misc,ox=2,HFX=0.2
co_acac_misc_misc,ox=3,HFX=0.05
co_acac_misc_misc,ox=3,HFX=0.25
co_acac_misc_misc,ox=3,HFX=0.0
co_acac_misc_misc,ox=3,HFX=0.2
co_acac_misc_misc,ox=3,HFX=0.15
co_acac_misc_misc,ox=3,HFX=0.1
co_acac_misc_misc,ox=3,HFX=0.3
mn_en_phosacidbipyridine_phosacidbipyridine,ox=2,HFX=0.3
mn_en_phosacidbipyridine_phosacidbipyridine,ox=2,HFX=0.1
mn_en_phosacidbipyridine_phosacidbipyridine,ox=2,HFX=0.05
mn_en_phosacidbipyridine_phosacidbipyridine,ox=2,HFX=0.25
mn_en_phosacidbipyridine_phosacidbipyridine,ox=2,HFX=0.0
mn_en_phosacidbipyridine_phosacidbipyridine,ox=2,HFX=0.2
mn_en_phosacidbipyridine_phosacidbipyridine,ox=2,HFX=0.15
mn_en_phosacidbipyridine_phosacidbipyridine,ox=3,HFX=0.3
mn_en_phosacidbipyridine_phosacidbipyridine,ox=3,HFX=0.15
mn_en_phosacidbipyridine_phosacidbipyridine,ox=3,HFX=0.25
mn_en_phosacidbipyridine_phosacidbipyridine,ox=3,HFX=0.2
mn_pisc_pyridine_pyridine,ox=3,HFX=0.2
mn_pisc_pyridine_pyridine,ox=3,HFX=0.25
mn_pisc_pyridine_pyridine,ox=3,HFX=0.3
mn_phenisc_methylamine_methylamine,ox=2,HFX=0.05
mn_phenisc_methylamine_methylamine,ox=2,HFX=0.0
mn_phenisc_methylamine_methylamine,ox=2,HFX=0.3
mn_phenisc_methylamine_methylamine,ox=2,HFX=0.15
mn_phenisc_methylamine_methylamine,ox=2,HFX=0.25
mn_phenisc_methylamine_methylamine,ox=2,HFX=0.2
mn_phenisc_methylamine_methylamine,ox=2,HFX=0.1
mn_phenisc_methylamine_methylamine,ox=3,HFX=0.05
mn_phenisc_methylamine_methylamine,ox=3,HFX=0.25
mn_phenisc_methylamine_methylamine,ox=3,HFX=0.15
mn_phenisc_methylamine_methylamine,ox=3,HFX=0.2
mn_phenisc_methylamine_methylamine,ox=3,HFX=0.3
mn_phenisc_methylamine_methylamine,ox=3,HFX=0.1
co_chloropyridine_misc_misc,ox=2,HFX=0.1
co_chloropyridine_misc_misc,ox=2,HFX=0.05
co_chloropyridine_misc_misc,ox=2,HFX=0.15
co_chloropyridine_misc_misc,ox=2,HFX=0.0
co_chloropyridine_misc_misc,ox=3,HFX=0.0
co_chloropyridine_misc_misc,ox=3,HFX=0.05
co_chloropyridine_misc_misc,ox=3,HFX=0.2
co_chloropyridine_misc_misc,ox=3,HFX=0.25
co_chloropyridine_misc_misc,ox=3,HFX=0.1
co_chloropyridine_misc_misc,ox=3,HFX=0.3
co_chloropyridine_misc_misc,ox=3,HFX=0.15
mn_misc_ammonia_ammonia,ox=2,HFX=0.2
mn_misc_ammonia_ammonia,ox=2,HFX=0.0
mn_misc_ammonia_ammonia,ox=2,HFX=0.15
mn_misc_ammonia_ammonia,ox=2,HFX=0.3
mn_misc_ammonia_ammonia,ox=2,HFX=0.1
mn_misc_ammonia_ammonia,ox=2,HFX=0.25
mn_misc_ammonia_ammonia,ox=2,HFX=0.05
mn_misc_ammonia_ammonia,ox=3,HFX=0.2
mn_misc_ammonia_ammonia,ox=3,HFX=0.15
mn_misc_ammonia_ammonia,ox=3,HFX=0.1
mn_bipy_isothiocyanate_isothiocyanate,ox=2,HFX=0.2
fe_acac_tbisc_tbisc,ox=2,HFX=0.1
fe_acac_tbisc_tbisc,ox=2,HFX=0.15
fe_acac_tbisc_tbisc,ox=2,HFX=0.3
fe_acac_tbisc_tbisc,ox=2,HFX=0.25
fe_acac_tbisc_tbisc,ox=2,HFX=0.0
fe_acac_tbisc_tbisc,ox=2,HFX=0.05
fe_acac_tbisc_tbisc,ox=2,HFX=0.2
fe_acac_tbisc_tbisc,ox=3,HFX=0.25
fe_acac_tbisc_tbisc,ox=3,HFX=0.2
fe_acac_tbisc_tbisc,ox=3,HFX=0.05
fe_acac_tbisc_tbisc,ox=3,HFX=0.3
fe_acac_tbisc_tbisc,ox=3,HFX=0.1
fe_acac_tbisc_tbisc,ox=3,HFX=0.15
fe_acac_tbisc_tbisc,ox=3,HFX=0.0
mn_phenisc_carbonyl_carbonyl,ox=3,HFX=0.1
mn_phenisc_carbonyl_carbonyl,ox=3,HFX=0.2
mn_phenisc_carbonyl_carbonyl,ox=3,HFX=0.0
mn_phenisc_carbonyl_carbonyl,ox=3,HFX=0.05
mn_phenisc_carbonyl_carbonyl,ox=2,HFX=0.05
mn_phenisc_carbonyl_carbonyl,ox=2,HFX=0.2
mn_phenisc_carbonyl_carbonyl,ox=2,HFX=0.15
mn_phenisc_carbonyl_carbonyl,ox=2,HFX=0.1
mn_phenisc_carbonyl_carbonyl,ox=2,HFX=0.25
mn_phenisc_carbonyl_carbonyl,ox=2,HFX=0.3
mn_phenisc_carbonyl_carbonyl,ox=2,HFX=0.0
mn_en_aceticacidbipyridine_aceticacidbipyridine,ox=3,HFX=0.05
mn_en_aceticacidbipyridine_aceticacidbipyridine,ox=3,HFX=0.3
mn_en_aceticacidbipyridine_aceticacidbipyridine,ox=3,HFX=0.25
mn_en_aceticacidbipyridine_aceticacidbipyridine,ox=3,HFX=0.2
mn_en_aceticacidbipyridine_aceticacidbipyridine,ox=3,HFX=0.15
mn_en_aceticacidbipyridine_aceticacidbipyridine,ox=3,HFX=0.1
co_methylamine_furan_furan,ox=2,HFX=0.2
co_methylamine_furan_furan,ox=2,HFX=0.15
co_methylamine_furan_furan,ox=2,HFX=0.25
co_methylamine_furan_furan,ox=2,HFX=0.1
co_methylamine_furan_furan,ox=2,HFX=0.05
co_methylamine_furan_furan,ox=2,HFX=0.3
cr_methylamine_benzisc_benzisc,ox=2,HFX=0.1
cr_methylamine_benzisc_benzisc,ox=2,HFX=0.15
cr_methylamine_benzisc_benzisc,ox=2,HFX=0.0
cr_methylamine_benzisc_benzisc,ox=2,HFX=0.2
cr_methylamine_benzisc_benzisc,ox=2,HFX=0.25
cr_methylamine_benzisc_benzisc,ox=2,HFX=0.05
cr_methylamine_benzisc_benzisc,ox=2,HFX=0.3
mn_en_mebipyridine_mebipyridine,ox=2,HFX=0.3
mn_en_mebipyridine_mebipyridine,ox=2,HFX=0.15
mn_en_mebipyridine_mebipyridine,ox=2,HFX=0.2
mn_en_mebipyridine_mebipyridine,ox=2,HFX=0.25
cr_methylamine_misc_misc,ox=2,HFX=0.2
cr_methylamine_misc_misc,ox=2,HFX=0.05
cr_methylamine_misc_misc,ox=2,HFX=0.0
cr_methylamine_misc_misc,ox=2,HFX=0.15
fe_mebipyridine_tbisc_tbisc,ox=2,HFX=0.1
fe_mebipyridine_tbisc_tbisc,ox=2,HFX=0.15
fe_mebipyridine_tbisc_tbisc,ox=2,HFX=0.25
fe_mebipyridine_tbisc_tbisc,ox=2,HFX=0.0
fe_mebipyridine_tbisc_tbisc,ox=2,HFX=0.2
fe_mebipyridine_tbisc_tbisc,ox=2,HFX=0.05
fe_mebipyridine_tbisc_tbisc,ox=2,HFX=0.3
fe_mebipyridine_tbisc_tbisc,ox=3,HFX=0.25
fe_mebipyridine_tbisc_tbisc,ox=3,HFX=0.05
fe_mebipyridine_tbisc_tbisc,ox=3,HFX=0.1
fe_mebipyridine_tbisc_tbisc,ox=3,HFX=0.15
fe_mebipyridine_tbisc_tbisc,ox=3,HFX=0.2
fe_mebipyridine_tbisc_tbisc,ox=3,HFX=0.3
fe_mebipyridine_tbisc_tbisc,ox=3,HFX=0.0
mn_en_ethbipyridine_ethbipyridine,ox=3,HFX=0.2
mn_en_ethbipyridine_ethbipyridine,ox=3,HFX=0.25
mn_en_ethbipyridine_ethbipyridine,ox=3,HFX=0.15
mn_en_ethbipyridine_ethbipyridine,ox=3,HFX=0.05
mn_en_ethbipyridine_ethbipyridine,ox=3,HFX=0.1
mn_en_ethbipyridine_ethbipyridine,ox=2,HFX=0.3
mn_en_ethbipyridine_ethbipyridine,ox=2,HFX=0.2
mn_en_ethbipyridine_ethbipyridine,ox=2,HFX=0.15
mn_en_ethbipyridine_ethbipyridine,ox=2,HFX=0.25
cr_acac_tbuc_tbuc,ox=3,HFX=0.2
cr_acac_tbuc_tbuc,ox=3,HFX=0.15
cr_acac_tbuc_tbuc,ox=3,HFX=0.05
cr_acac_tbuc_tbuc,ox=3,HFX=0.25
cr_acac_tbuc_tbuc,ox=3,HFX=0.0
cr_acac_tbuc_tbuc,ox=3,HFX=0.3
cr_acac_tbuc_tbuc,ox=3,HFX=0.1
fe_isothiocyanate_misc_misc,ox=2,HFX=0.3
fe_isothiocyanate_misc_misc,ox=2,HFX=0.2
fe_isothiocyanate_misc_misc,ox=2,HFX=0.05
fe_isothiocyanate_misc_misc,ox=2,HFX=0.15
fe_isothiocyanate_misc_misc,ox=2,HFX=0.1
fe_isothiocyanate_misc_misc,ox=2,HFX=0.25
fe_isothiocyanate_misc_misc,ox=2,HFX=0.0
fe_isothiocyanate_misc_misc,ox=3,HFX=0.3
fe_isothiocyanate_misc_misc,ox=3,HFX=0.25
fe_isothiocyanate_misc_misc,ox=3,HFX=0.2
fe_isothiocyanate_misc_misc,ox=3,HFX=0.0
fe_isothiocyanate_misc_misc,ox=3,HFX=0.15
fe_isothiocyanate_misc_misc,ox=3,HFX=0.1
fe_isothiocyanate_misc_misc,ox=3,HFX=0.05
mn_carbonyl_misc_misc,ox=2,HFX=0.1
mn_carbonyl_misc_misc,ox=2,HFX=0.05
mn_carbonyl_misc_misc,ox=2,HFX=0.25
mn_carbonyl_misc_misc,ox=2,HFX=0.0
mn_carbonyl_misc_misc,ox=2,HFX=0.2
mn_carbonyl_misc_misc,ox=2,HFX=0.15
mn_carbonyl_misc_misc,ox=2,HFX=0.3
mn_carbonyl_misc_misc,ox=3,HFX=0.2
mn_misc_pyridine_pyridine,ox=2,HFX=0.1
mn_misc_pyridine_pyridine,ox=2,HFX=0.25
mn_misc_pyridine_pyridine,ox=2,HFX=0.2
mn_misc_pyridine_pyridine,ox=2,HFX=0.0
mn_misc_pyridine_pyridine,ox=2,HFX=0.15
mn_misc_pyridine_pyridine,ox=2,HFX=0.3
mn_misc_pyridine_pyridine,ox=2,HFX=0.05
mn_misc_pyridine_pyridine,ox=3,HFX=0.25
mn_misc_pyridine_pyridine,ox=3,HFX=0.0
mn_misc_pyridine_pyridine,ox=3,HFX=0.15
mn_misc_pyridine_pyridine,ox=3,HFX=0.1
mn_misc_pyridine_pyridine,ox=3,HFX=0.2
mn_misc_pyridine_pyridine,ox=3,HFX=0.3
mn_misc_pyridine_pyridine,ox=3,HFX=0.05
mn_tbisc_methylamine_methylamine,ox=2,HFX=0.25
mn_tbisc_methylamine_methylamine,ox=2,HFX=0.15
mn_tbisc_methylamine_methylamine,ox=2,HFX=0.3
mn_tbisc_methylamine_methylamine,ox=2,HFX=0.2
mn_tbisc_methylamine_methylamine,ox=2,HFX=0.0
mn_tbisc_methylamine_methylamine,ox=2,HFX=0.05
mn_tbisc_methylamine_methylamine,ox=2,HFX=0.1
mn_tbisc_methylamine_methylamine,ox=3,HFX=0.15
mn_tbisc_methylamine_methylamine,ox=3,HFX=0.2
mn_tbisc_methylamine_methylamine,ox=3,HFX=0.05
mn_tbisc_methylamine_methylamine,ox=3,HFX=0.1
co_acac_benzisc_benzisc,ox=3,HFX=0.3
co_acac_benzisc_benzisc,ox=3,HFX=0.15
co_acac_benzisc_benzisc,ox=3,HFX=0.1
co_acac_benzisc_benzisc,ox=3,HFX=0.25
co_acac_benzisc_benzisc,ox=3,HFX=0.0
co_acac_benzisc_benzisc,ox=3,HFX=0.05
co_acac_benzisc_benzisc,ox=3,HFX=0.2
co_acac_benzisc_benzisc,ox=2,HFX=0.15
co_acac_benzisc_benzisc,ox=2,HFX=0.0
co_acac_benzisc_benzisc,ox=2,HFX=0.25
co_acac_benzisc_benzisc,ox=2,HFX=0.3
co_acac_benzisc_benzisc,ox=2,HFX=0.1
co_acac_benzisc_benzisc,ox=2,HFX=0.05
co_acac_benzisc_benzisc,ox=2,HFX=0.2
fe_en_phen_phen,ox=2,HFX=0.05
fe_en_phen_phen,ox=2,HFX=0.0
fe_en_phen_phen,ox=2,HFX=0.25
fe_en_phen_phen,ox=2,HFX=0.15
fe_en_phen_phen,ox=2,HFX=0.3
fe_en_phen_phen,ox=2,HFX=0.1
fe_en_phen_phen,ox=3,HFX=0.15
fe_en_phen_phen,ox=3,HFX=0.3
fe_en_phen_phen,ox=3,HFX=0.1
fe_en_phen_phen,ox=3,HFX=0.05
fe_en_phen_phen,ox=3,HFX=0.0
fe_en_phen_phen,ox=3,HFX=0.25
fe_en_phen_phen,ox=3,HFX=0.2
co_acac_methylamine_methylamine,ox=2,HFX=0.2
co_acac_methylamine_methylamine,ox=2,HFX=0.05
co_acac_methylamine_methylamine,ox=2,HFX=0.15
co_acac_methylamine_methylamine,ox=2,HFX=0.3
co_acac_methylamine_methylamine,ox=2,HFX=0.0
co_acac_methylamine_methylamine,ox=2,HFX=0.25
co_acac_methylamine_methylamine,ox=2,HFX=0.1
co_acac_methylamine_methylamine,ox=3,HFX=0.0
co_acac_methylamine_methylamine,ox=3,HFX=0.1
co_acac_methylamine_methylamine,ox=3,HFX=0.25
co_acac_methylamine_methylamine,ox=3,HFX=0.05
co_acac_methylamine_methylamine,ox=3,HFX=0.2
co_acac_methylamine_methylamine,ox=3,HFX=0.15
co_acac_methylamine_methylamine,ox=3,HFX=0.3
mn_tbisc_cyanopyridine_cyanopyridine,ox=3,HFX=0.05
mn_tbisc_cyanopyridine_cyanopyridine,ox=3,HFX=0.25
mn_tbisc_cyanopyridine_cyanopyridine,ox=3,HFX=0.1
mn_tbisc_cyanopyridine_cyanopyridine,ox=3,HFX=0.3
mn_tbisc_cyanopyridine_cyanopyridine,ox=3,HFX=0.15
mn_tbisc_cyanopyridine_cyanopyridine,ox=3,HFX=0.0
mn_tbisc_cyanopyridine_cyanopyridine,ox=3,HFX=0.2
mn_tbisc_cyanopyridine_cyanopyridine,ox=2,HFX=0.15
mn_tbisc_cyanopyridine_cyanopyridine,ox=2,HFX=0.3
mn_tbisc_cyanopyridine_cyanopyridine,ox=2,HFX=0.05
mn_tbisc_cyanopyridine_cyanopyridine,ox=2,HFX=0.1
mn_tbisc_cyanopyridine_cyanopyridine,ox=2,HFX=0.25
mn_tbisc_cyanopyridine_cyanopyridine,ox=2,HFX=0.0
mn_tbisc_cyanopyridine_cyanopyridine,ox=2,HFX=0.2
mn_phenisc_pyridine_pyridine,ox=2,HFX=0.0
mn_phenisc_pyridine_pyridine,ox=2,HFX=0.05
mn_phenisc_pyridine_pyridine,ox=2,HFX=0.25
mn_phenisc_pyridine_pyridine,ox=2,HFX=0.2
mn_phenisc_pyridine_pyridine,ox=2,HFX=0.1
mn_phenisc_pyridine_pyridine,ox=2,HFX=0.15
mn_phenisc_pyridine_pyridine,ox=2,HFX=0.3
mn_phenisc_pyridine_pyridine,ox=3,HFX=0.1
mn_phenisc_pyridine_pyridine,ox=3,HFX=0.3
mn_phenisc_pyridine_pyridine,ox=3,HFX=0.05
mn_phenisc_pyridine_pyridine,ox=3,HFX=0.2
mn_phenisc_pyridine_pyridine,ox=3,HFX=0.25
mn_phenisc_pyridine_pyridine,ox=3,HFX=0.0
mn_phenisc_pyridine_pyridine,ox=3,HFX=0.15
fe_methylamine_phenisc_phenisc,ox=2,HFX=0.15
fe_methylamine_phenisc_phenisc,ox=2,HFX=0.2
fe_methylamine_phenisc_phenisc,ox=2,HFX=0.05
fe_methylamine_phenisc_phenisc,ox=2,HFX=0.3
fe_methylamine_phenisc_phenisc,ox=2,HFX=0.25
fe_methylamine_phenisc_phenisc,ox=2,HFX=0.1
fe_methylamine_phenisc_phenisc,ox=2,HFX=0.0
fe_methylamine_phenisc_phenisc,ox=3,HFX=0.05
fe_methylamine_phenisc_phenisc,ox=3,HFX=0.1
fe_methylamine_phenisc_phenisc,ox=3,HFX=0.2
fe_methylamine_phenisc_phenisc,ox=3,HFX=0.15
fe_methylamine_phenisc_phenisc,ox=3,HFX=0.3
fe_methylamine_phenisc_phenisc,ox=3,HFX=0.0
fe_methylamine_phenisc_phenisc,ox=3,HFX=0.25
co_bipy_phen_phen,ox=3,HFX=0.1
co_bipy_phen_phen,ox=3,HFX=0.2
co_bipy_phen_phen,ox=3,HFX=0.15
co_bipy_phen_phen,ox=3,HFX=0.0
co_bipy_phen_phen,ox=3,HFX=0.25
co_bipy_phen_phen,ox=3,HFX=0.05
co_bipy_phen_phen,ox=3,HFX=0.3
co_bipy_phen_phen,ox=2,HFX=0.25
co_bipy_phen_phen,ox=2,HFX=0.0
co_bipy_phen_phen,ox=2,HFX=0.05
co_bipy_phen_phen,ox=2,HFX=0.3
co_bipy_phen_phen,ox=2,HFX=0.1
co_bipy_phen_phen,ox=2,HFX=0.2
co_bipy_phen_phen,ox=2,HFX=0.15
cr_thiopyridine_pisc_pisc,ox=2,HFX=0.15
cr_thiopyridine_pisc_pisc,ox=2,HFX=0.25
cr_thiopyridine_pisc_pisc,ox=2,HFX=0.2
cr_thiopyridine_pisc_pisc,ox=2,HFX=0.3
cr_thiopyridine_pisc_pisc,ox=2,HFX=0.1
fe_mebipyridine_isothiocyanate_isothiocyanate,ox=3,HFX=0.25
fe_mebipyridine_isothiocyanate_isothiocyanate,ox=3,HFX=0.05
fe_mebipyridine_isothiocyanate_isothiocyanate,ox=3,HFX=0.0
fe_mebipyridine_isothiocyanate_isothiocyanate,ox=3,HFX=0.3
fe_mebipyridine_isothiocyanate_isothiocyanate,ox=3,HFX=0.2
fe_mebipyridine_isothiocyanate_isothiocyanate,ox=3,HFX=0.15
fe_mebipyridine_isothiocyanate_isothiocyanate,ox=3,HFX=0.1
mn_phenisc_ammonia_ammonia,ox=3,HFX=0.0
mn_phenisc_ammonia_ammonia,ox=3,HFX=0.15
mn_phenisc_ammonia_ammonia,ox=3,HFX=0.05
mn_phenisc_ammonia_ammonia,ox=3,HFX=0.1
mn_phenisc_ammonia_ammonia,ox=3,HFX=0.25
mn_phenisc_ammonia_ammonia,ox=3,HFX=0.3
mn_phenisc_ammonia_ammonia,ox=3,HFX=0.2
mn_phenisc_ammonia_ammonia,ox=2,HFX=0.2
mn_phenisc_ammonia_ammonia,ox=2,HFX=0.05
mn_phenisc_ammonia_ammonia,ox=2,HFX=0.0
mn_phenisc_ammonia_ammonia,ox=2,HFX=0.15
mn_phenisc_ammonia_ammonia,ox=2,HFX=0.25
mn_phenisc_ammonia_ammonia,ox=2,HFX=0.1
mn_phenisc_ammonia_ammonia,ox=2,HFX=0.3
mn_misc_cyanopyridine_cyanopyridine,ox=2,HFX=0.0
mn_misc_cyanopyridine_cyanopyridine,ox=2,HFX=0.05
mn_misc_cyanopyridine_cyanopyridine,ox=2,HFX=0.25
mn_misc_cyanopyridine_cyanopyridine,ox=2,HFX=0.2
mn_misc_cyanopyridine_cyanopyridine,ox=2,HFX=0.1
mn_misc_cyanopyridine_cyanopyridine,ox=2,HFX=0.15
mn_misc_cyanopyridine_cyanopyridine,ox=2,HFX=0.3
mn_misc_cyanopyridine_cyanopyridine,ox=3,HFX=0.25
mn_misc_cyanopyridine_cyanopyridine,ox=3,HFX=0.3
mn_misc_cyanopyridine_cyanopyridine,ox=3,HFX=0.0
mn_misc_cyanopyridine_cyanopyridine,ox=3,HFX=0.05
mn_misc_cyanopyridine_cyanopyridine,ox=3,HFX=0.2
mn_misc_cyanopyridine_cyanopyridine,ox=3,HFX=0.1
mn_misc_cyanopyridine_cyanopyridine,ox=3,HFX=0.15
cr_ammonia_misc_misc,ox=2,HFX=0.2
co_cyanopyridine_tbisc_tbisc,ox=3,HFX=0.15
co_cyanopyridine_tbisc_tbisc,ox=3,HFX=0.3
co_cyanopyridine_tbisc_tbisc,ox=3,HFX=0.0
co_cyanopyridine_tbisc_tbisc,ox=3,HFX=0.2
co_cyanopyridine_tbisc_tbisc,ox=3,HFX=0.05
co_cyanopyridine_tbisc_tbisc,ox=3,HFX=0.25
co_cyanopyridine_tbisc_tbisc,ox=3,HFX=0.1
mn_benzisc_ammonia_ammonia,ox=2,HFX=0.1
mn_benzisc_ammonia_ammonia,ox=2,HFX=0.05
mn_benzisc_ammonia_ammonia,ox=2,HFX=0.3
mn_benzisc_ammonia_ammonia,ox=2,HFX=0.25
mn_benzisc_ammonia_ammonia,ox=2,HFX=0.15
mn_benzisc_ammonia_ammonia,ox=2,HFX=0.2
mn_benzisc_ammonia_ammonia,ox=2,HFX=0.0
mn_benzisc_ammonia_ammonia,ox=3,HFX=0.2
mn_benzisc_ammonia_ammonia,ox=3,HFX=0.0
mn_benzisc_ammonia_ammonia,ox=3,HFX=0.25
mn_benzisc_ammonia_ammonia,ox=3,HFX=0.05
mn_benzisc_ammonia_ammonia,ox=3,HFX=0.3
mn_benzisc_ammonia_ammonia,ox=3,HFX=0.1
mn_benzisc_ammonia_ammonia,ox=3,HFX=0.15
fe_mebipyridine_pisc_pisc,ox=3,HFX=0.2
fe_mebipyridine_pisc_pisc,ox=3,HFX=0.1
fe_mebipyridine_pisc_pisc,ox=3,HFX=0.0
fe_mebipyridine_pisc_pisc,ox=3,HFX=0.3
fe_mebipyridine_pisc_pisc,ox=3,HFX=0.05
fe_mebipyridine_pisc_pisc,ox=3,HFX=0.25
fe_mebipyridine_pisc_pisc,ox=3,HFX=0.15
fe_mebipyridine_pisc_pisc,ox=2,HFX=0.2
cr_methylamine_tbisc_tbisc,ox=2,HFX=0.25
cr_methylamine_tbisc_tbisc,ox=2,HFX=0.05
cr_methylamine_tbisc_tbisc,ox=2,HFX=0.2
cr_methylamine_tbisc_tbisc,ox=2,HFX=0.0
cr_methylamine_tbisc_tbisc,ox=2,HFX=0.1
cr_methylamine_tbisc_tbisc,ox=2,HFX=0.3
cr_methylamine_tbisc_tbisc,ox=2,HFX=0.15
mn_en_bipy_bipy,ox=2,HFX=0.3
mn_en_bipy_bipy,ox=2,HFX=0.25
mn_en_bipy_bipy,ox=2,HFX=0.2
mn_en_bipy_bipy,ox=2,HFX=0.15
mn_en_bipy_bipy,ox=2,HFX=0.1
mn_en_bipy_bipy,ox=3,HFX=0.15
mn_en_bipy_bipy,ox=3,HFX=0.0
mn_en_bipy_bipy,ox=3,HFX=0.2
mn_tbisc_ammonia_ammonia,ox=3,HFX=0.15
mn_tbisc_ammonia_ammonia,ox=3,HFX=0.1
mn_tbisc_ammonia_ammonia,ox=3,HFX=0.05
mn_tbisc_ammonia_ammonia,ox=3,HFX=0.2
mn_tbisc_ammonia_ammonia,ox=2,HFX=0.25
mn_tbisc_ammonia_ammonia,ox=2,HFX=0.05
mn_tbisc_ammonia_ammonia,ox=2,HFX=0.15
mn_tbisc_ammonia_ammonia,ox=2,HFX=0.2
mn_tbisc_ammonia_ammonia,ox=2,HFX=0.0
mn_tbisc_ammonia_ammonia,ox=2,HFX=0.3
mn_tbisc_ammonia_ammonia,ox=2,HFX=0.1
co_en_tbisc_tbisc,ox=2,HFX=0.0
co_en_tbisc_tbisc,ox=2,HFX=0.05
co_en_tbisc_tbisc,ox=2,HFX=0.25
co_en_tbisc_tbisc,ox=2,HFX=0.1
co_en_tbisc_tbisc,ox=2,HFX=0.3
co_en_tbisc_tbisc,ox=2,HFX=0.2
co_en_tbisc_tbisc,ox=2,HFX=0.15
co_en_tbisc_tbisc,ox=3,HFX=0.05
co_en_tbisc_tbisc,ox=3,HFX=0.15
co_en_tbisc_tbisc,ox=3,HFX=0.1
co_en_tbisc_tbisc,ox=3,HFX=0.3
co_en_tbisc_tbisc,ox=3,HFX=0.0
co_en_tbisc_tbisc,ox=3,HFX=0.25
co_en_tbisc_tbisc,ox=3,HFX=0.2
cr_chloropyridine_phenisc_phenisc,ox=2,HFX=0.1
cr_chloropyridine_phenisc_phenisc,ox=2,HFX=0.05
cr_chloropyridine_phenisc_phenisc,ox=2,HFX=0.3
cr_chloropyridine_phenisc_phenisc,ox=2,HFX=0.15
cr_chloropyridine_phenisc_phenisc,ox=2,HFX=0.25
cr_chloropyridine_phenisc_phenisc,ox=2,HFX=0.2
fe_cyanopyridine_pisc_pisc,ox=3,HFX=0.2
fe_cyanopyridine_pisc_pisc,ox=3,HFX=0.25
fe_cyanopyridine_pisc_pisc,ox=3,HFX=0.3
cr_ammonia_pisc_pisc,ox=2,HFX=0.25
cr_ammonia_pisc_pisc,ox=2,HFX=0.05
cr_ammonia_pisc_pisc,ox=2,HFX=0.3
cr_ammonia_pisc_pisc,ox=2,HFX=0.1
cr_ammonia_pisc_pisc,ox=2,HFX=0.2
cr_ammonia_pisc_pisc,ox=2,HFX=0.15
cr_ox_en_en,ox=2,HFX=0.2
fe_mebipyridine_mec_mec,ox=2,HFX=0.2
cr_pyrrole_pyrrole_pyrrole,ox=2,HFX=0.2
mn_pyridine_pyridine_pyridine,ox=3,HFX=0.2
mn_pyridine_pyridine_pyridine,ox=2,HFX=0.2
fe_phenacac_phenacac_phenacac,ox=3,HFX=0.2
fe_phenacac_phenacac_phenacac,ox=2,HFX=0.2
mn_cat_cat_cat,ox=3,HFX=0.2
fe_pyrrole_pyrrole_pyrrole,ox=3,HFX=0.2
fe_pyridine_pyridine_pyridine,ox=3,HFX=0.2
fe_pyridine_pyridine_pyridine,ox=2,HFX=0.2
cr_phenacac_phenacac_phenacac,ox=2,HFX=0.2
co_cat_cat_cat,ox=3,HFX=0.2
fe_cat_cat_cat,ox=3,HFX=0.2
fe_cat_cat_cat,ox=2,HFX=0.2
cr_ethylesteracac_ethylesteracac_ethylesteracac,ox=2,HFX=0.2
mn_phenacac_phenacac_phenacac,ox=3,HFX=0.2
cr_cat_cat_cat,ox=2,HFX=0.2
cr_cat_cat_cat,ox=3,HFX=0.2
co_phenacac_phenacac_phenacac,ox=2,HFX=0.2
co_phenacac_phenacac_phenacac,ox=3,HFX=0.2
co_ethylesteracac_ethylesteracac_ethylesteracac,ox=2,HFX=0.2
co_ethylesteracac_ethylesteracac_ethylesteracac,ox=3,HFX=0.2
co_pyrrole_pyrrole_pyrrole,ox=3,HFX=0.2
mn_pyrrole_pyrrole_pyrrole,ox=3,HFX=0.2
cr_pyridine_pyridine_pyridine,ox=2,HFX=0.2
mn_ethylesteracac_ethylesteracac_ethylesteracac,ox=2,HFX=0.2
mn_ethylesteracac_ethylesteracac_ethylesteracac,ox=3,HFX=0.2
fe_ethylesteracac_ethylesteracac_ethylesteracac,ox=3,HFX=0.2
fe_ethylesteracac_ethylesteracac_ethylesteracac,ox=2,HFX=0.2
mn_carbonyl_carbonyl_misc,ox=2,HFX=0.2
mn_carbonyl_carbonyl_misc,ox=3,HFX=0.2
cr_misc_misc_furan,ox=2,HFX=0.2
co_misc_pyr_misc,ox=3,HFX=0.2
co_misc_pyr_misc,ox=2,HFX=0.2
cr_misc_water_carbonyl,ox=3,HFX=0.2
fe_misc_pyr_carbonyl,ox=3,HFX=0.2
fe_misc_pyr_carbonyl,ox=2,HFX=0.2
cr_pyr_water_water,ox=3,HFX=0.2
cr_pyr_water_water,ox=2,HFX=0.2
cr_water_pyr_furan,ox=2,HFX=0.2
fe_carbonyl_misc_misc,ox=3,HFX=0.2
fe_carbonyl_misc_misc,ox=2,HFX=0.2
fe_furan_water_carbonyl,ox=2,HFX=0.2
fe_furan_water_carbonyl,ox=3,HFX=0.2
mn_misc_water_pyr,ox=2,HFX=0.2
mn_misc_water_pyr,ox=3,HFX=0.2
co_water_pyr_pyr,ox=3,HFX=0.2
co_water_pyr_pyr,ox=2,HFX=0.2
fe_furan_pyr_furan,ox=2,HFX=0.2
cr_carbonyl_pyr_misc,ox=2,HFX=0.2
fe_carbonyl_carbonyl_furan,ox=2,HFX=0.2
mn_misc_furan_furan,ox=2,HFX=0.2
cr_pyr_carbonyl_misc,ox=3,HFX=0.2
fe_furan_water_misc,ox=3,HFX=0.2
fe_furan_water_misc,ox=2,HFX=0.2
co_carbonyl_carbonyl_misc,ox=2,HFX=0.2
co_pyr_water_pyr,ox=3,HFX=0.2
co_pyr_water_pyr,ox=2,HFX=0.2
fe_misc_water_misc,ox=3,HFX=0.2
fe_misc_water_misc,ox=2,HFX=0.2
co_carbonyl_water_water,ox=2,HFX=0.2
co_carbonyl_water_water,ox=3,HFX=0.2
cr_water_misc_misc,ox=3,HFX=0.2
cr_water_misc_misc,ox=2,HFX=0.2
co_pyr_misc_misc,ox=3,HFX=0.2
co_pyr_misc_misc,ox=2,HFX=0.2
co_carbonyl_water_misc,ox=2,HFX=0.2
co_carbonyl_water_misc,ox=3,HFX=0.2
mn_water_water_furan,ox=2,HFX=0.2
co_water_pyr_furan,ox=2,HFX=0.2
co_furan_pyr_carbonyl,ox=2,HFX=0.2
fe_furan_misc_misc,ox=3,HFX=0.2
fe_furan_misc_misc,ox=2,HFX=0.2
mn_pyr_water_water,ox=2,HFX=0.2
mn_pyr_water_water,ox=3,HFX=0.2
cr_furan_carbonyl_misc,ox=2,HFX=0.2
co_furan_water_furan,ox=2,HFX=0.2
fe_carbonyl_water_water,ox=2,HFX=0.2
fe_carbonyl_water_water,ox=3,HFX=0.2
mn_pyr_misc_misc,ox=3,HFX=0.2
mn_pyr_misc_misc,ox=2,HFX=0.2
cr_misc_water_misc,ox=2,HFX=0.2
fe_misc_carbonyl_misc,ox=2,HFX=0.2
fe_misc_carbonyl_misc,ox=3,HFX=0.2
fe_furan_misc_furan,ox=3,HFX=0.2
fe_furan_misc_furan,ox=2,HFX=0.2
mn_water_carbonyl_misc,ox=2,HFX=0.2
mn_pyr_carbonyl_furan,ox=2,HFX=0.2
cr_furan_pyr_misc,ox=2,HFX=0.2
cr_furan_pyr_misc,ox=3,HFX=0.2
co_water_carbonyl_misc,ox=2,HFX=0.2
co_water_carbonyl_misc,ox=3,HFX=0.2
mn_carbonyl_water_carbonyl,ox=2,HFX=0.2
mn_carbonyl_water_carbonyl,ox=3,HFX=0.2
cr_pyr_pyr_pyr,ox=2,HFX=0.2
fe_carbonyl_pyr_misc,ox=2,HFX=0.2
fe_water_pyr_carbonyl,ox=3,HFX=0.2
fe_water_pyr_carbonyl,ox=2,HFX=0.2
fe_carbonyl_carbonyl_misc,ox=3,HFX=0.2
fe_carbonyl_carbonyl_misc,ox=2,HFX=0.2
mn_carbonyl_water_water,ox=2,HFX=0.2
mn_carbonyl_water_water,ox=3,HFX=0.2
fe_pyr_water_pyr,ox=2,HFX=0.2
fe_pyr_water_pyr,ox=3,HFX=0.2
cr_furan_pyr_carbonyl,ox=2,HFX=0.2
co_carbonyl_water_carbonyl,ox=3,HFX=0.2
co_carbonyl_water_carbonyl,ox=2,HFX=0.2
mn_furan_furan_furan,ox=3,HFX=0.2
cr_carbonyl_pyr_carbonyl,ox=2,HFX=0.2
mn_furan_carbonyl_furan,ox=2,HFX=0.2
co_water_carbonyl_furan,ox=2,HFX=0.2
co_furan_furan_furan,ox=2,HFX=0.2
co_water_furan_furan,ox=2,HFX=0.2
co_carbonyl_misc_misc,ox=2,HFX=0.2
co_carbonyl_misc_misc,ox=3,HFX=0.2
fe_misc_water_pyr,ox=3,HFX=0.2
fe_misc_water_pyr,ox=2,HFX=0.2
co_furan_misc_misc,ox=2,HFX=0.2
mn_misc_water_misc,ox=2,HFX=0.2
mn_misc_water_misc,ox=3,HFX=0.2
co_pyr_water_water,ox=3,HFX=0.2
co_pyr_water_water,ox=2,HFX=0.2
fe_water_carbonyl_carbonyl,ox=3,HFX=0.2
fe_water_carbonyl_carbonyl,ox=2,HFX=0.2
co_pyr_carbonyl_misc,ox=2,HFX=0.2
co_pyr_carbonyl_misc,ox=3,HFX=0.2
co_misc_carbonyl_misc,ox=3,HFX=0.2
co_furan_water_water,ox=2,HFX=0.2
cr_pyr_pyr_misc,ox=3,HFX=0.2
co_misc_pyr_carbonyl,ox=2,HFX=0.2
cr_pyr_misc_misc,ox=3,HFX=0.2
cr_pyr_misc_misc,ox=2,HFX=0.2
fe_misc_pyr_misc,ox=3,HFX=0.2
fe_misc_pyr_misc,ox=2,HFX=0.2
co_misc_carbonyl_furan,ox=2,HFX=0.2
fe_furan_carbonyl_furan,ox=2,HFX=0.2
fe_furan_carbonyl_furan,ox=3,HFX=0.2
fe_carbonyl_water_carbonyl,ox=2,HFX=0.2
fe_carbonyl_water_carbonyl,ox=3,HFX=0.2
co_furan_water_pyr,ox=2,HFX=0.2
co_furan_pyr_pyr,ox=2,HFX=0.2
mn_water_pyr_misc,ox=3,HFX=0.2
mn_water_pyr_misc,ox=2,HFX=0.2
cr_furan_water_furan,ox=2,HFX=0.2
co_misc_pyr_pyr,ox=3,HFX=0.2
co_misc_pyr_pyr,ox=2,HFX=0.2
mn_pyr_pyr_carbonyl,ox=2,HFX=0.2
fe_carbonyl_water_misc,ox=2,HFX=0.2
fe_carbonyl_water_misc,ox=3,HFX=0.2
co_pyr_pyr_pyr,ox=3,HFX=0.2
cr_carbonyl_water_water,ox=2,HFX=0.2
cr_carbonyl_water_water,ox=3,HFX=0.2
co_misc_furan_furan,ox=3,HFX=0.2
co_misc_furan_furan,ox=2,HFX=0.2
co_water_water_carbonyl,ox=2,HFX=0.2
co_water_water_carbonyl,ox=3,HFX=0.2
fe_carbonyl_water_pyr,ox=2,HFX=0.2
fe_carbonyl_pyr_carbonyl,ox=2,HFX=0.2
fe_carbonyl_pyr_carbonyl,ox=3,HFX=0.2
co_misc_carbonyl_carbonyl,ox=3,HFX=0.2
co_misc_carbonyl_carbonyl,ox=2,HFX=0.2
mn_water_furan_furan,ox=2,HFX=0.2
co_water_misc_furan,ox=2,HFX=0.2
mn_water_water_carbonyl,ox=2,HFX=0.2
mn_water_water_carbonyl,ox=3,HFX=0.2
co_carbonyl_pyr_misc,ox=2,HFX=0.2
cr_furan_water_pyr,ox=2,HFX=0.2
cr_furan_pyr_pyr,ox=2,HFX=0.2
cr_furan_pyr_pyr,ox=3,HFX=0.2
co_misc_pyr_furan,ox=2,HFX=0.2
fe_pyr_water_furan,ox=2,HFX=0.2
fe_furan_water_pyr,ox=2,HFX=0.2
co_water_water_misc,ox=3,HFX=0.2
co_water_water_misc,ox=2,HFX=0.2
mn_furan_water_pyr,ox=2,HFX=0.2
mn_misc_carbonyl_furan,ox=2,HFX=0.2
cr_misc_pyr_pyr,ox=2,HFX=0.2
cr_misc_pyr_pyr,ox=3,HFX=0.2
fe_misc_pyr_furan,ox=2,HFX=0.2
fe_misc_pyr_pyr,ox=2,HFX=0.2
fe_misc_pyr_pyr,ox=3,HFX=0.2
mn_water_pyr_pyr,ox=2,HFX=0.2
mn_water_pyr_pyr,ox=3,HFX=0.2
cr_furan_water_water,ox=2,HFX=0.2
fe_pyr_pyr_furan,ox=2,HFX=0.2
fe_pyr_pyr_misc,ox=2,HFX=0.2
fe_pyr_pyr_misc,ox=3,HFX=0.2
cr_water_water_misc,ox=2,HFX=0.2
fe_furan_water_furan,ox=2,HFX=0.2
fe_furan_furan_furan,ox=2,HFX=0.2
fe_pyr_furan_furan,ox=2,HFX=0.2
fe_misc_carbonyl_furan,ox=2,HFX=0.2
fe_pyr_pyr_carbonyl,ox=2,HFX=0.2
mn_furan_water_misc,ox=2,HFX=0.2
mn_water_misc_furan,ox=2,HFX=0.2
mn_misc_pyr_misc,ox=3,HFX=0.2
mn_misc_pyr_misc,ox=2,HFX=0.2
fe_misc_carbonyl_carbonyl,ox=2,HFX=0.2
fe_misc_carbonyl_carbonyl,ox=3,HFX=0.2
cr_misc_water_water,ox=3,HFX=0.2
cr_misc_water_water,ox=2,HFX=0.2
co_water_carbonyl_carbonyl,ox=2,HFX=0.2
co_water_carbonyl_carbonyl,ox=3,HFX=0.2
co_misc_water_misc,ox=2,HFX=0.2
co_misc_water_misc,ox=3,HFX=0.2
cr_carbonyl_pyr_furan,ox=2,HFX=0.2
co_carbonyl_pyr_carbonyl,ox=3,HFX=0.2
co_carbonyl_pyr_carbonyl,ox=2,HFX=0.2
co_pyr_carbonyl_carbonyl,ox=3,HFX=0.2
co_pyr_carbonyl_carbonyl,ox=2,HFX=0.2
fe_pyr_water_water,ox=3,HFX=0.2
fe_pyr_water_water,ox=2,HFX=0.2
co_water_water_pyr,ox=2,HFX=0.2
co_carbonyl_water_pyr,ox=2,HFX=0.2
cr_carbonyl_pyr_pyr,ox=2,HFX=0.2
fe_carbonyl_misc_furan,ox=2,HFX=0.2
cr_water_pyr_misc,ox=2,HFX=0.2
cr_carbonyl_water_misc,ox=3,HFX=0.2
cr_carbonyl_water_misc,ox=2,HFX=0.2
mn_pyr_water_pyr,ox=3,HFX=0.2
mn_pyr_water_pyr,ox=2,HFX=0.2
mn_furan_misc_misc,ox=2,HFX=0.2
cr_pyr_carbonyl_furan,ox=3,HFX=0.2
mn_misc_carbonyl_carbonyl,ox=3,HFX=0.2
mn_misc_carbonyl_carbonyl,ox=2,HFX=0.2
cr_carbonyl_water_carbonyl,ox=3,HFX=0.2
cr_carbonyl_water_carbonyl,ox=2,HFX=0.2
fe_pyr_carbonyl_misc,ox=3,HFX=0.2
fe_pyr_carbonyl_misc,ox=2,HFX=0.2
mn_carbonyl_pyr_pyr,ox=2,HFX=0.2
fe_water_pyr_pyr,ox=2,HFX=0.2
co_furan_pyr_furan,ox=2,HFX=0.2
fe_water_water_pyr,ox=3,HFX=0.2
fe_water_water_pyr,ox=2,HFX=0.2
co_carbonyl_pyr_pyr,ox=3,HFX=0.2
co_carbonyl_pyr_pyr,ox=2,HFX=0.2
fe_pyr_carbonyl_furan,ox=2,HFX=0.2
co_misc_water_carbonyl,ox=2,HFX=0.2
co_misc_water_carbonyl,ox=3,HFX=0.2
mn_misc_water_water,ox=3,HFX=0.2
mn_misc_water_water,ox=2,HFX=0.2
fe_water_carbonyl_misc,ox=3,HFX=0.2
fe_water_carbonyl_misc,ox=2,HFX=0.2
cr_misc_water_pyr,ox=2,HFX=0.2
cr_misc_water_pyr,ox=3,HFX=0.2
cr_water_furan_furan,ox=2,HFX=0.2
co_misc_water_pyr,ox=2,HFX=0.2
co_pyr_pyr_carbonyl,ox=3,HFX=0.2
cr_misc_pyr_furan,ox=3,HFX=0.2
fe_misc_water_carbonyl,ox=2,HFX=0.2
fe_misc_water_carbonyl,ox=3,HFX=0.2
mn_water_pyr_furan,ox=2,HFX=0.2
fe_misc_water_water,ox=3,HFX=0.2
fe_misc_water_water,ox=2,HFX=0.2
fe_furan_pyr_pyr,ox=2,HFX=0.2
co_misc_misc_furan,ox=2,HFX=0.2
cr_furan_misc_furan,ox=2,HFX=0.2
cr_water_carbonyl_misc,ox=2,HFX=0.2
cr_water_carbonyl_misc,ox=3,HFX=0.2
mn_water_water_pyr,ox=2,HFX=0.2
fe_water_water_carbonyl,ox=2,HFX=0.2
fe_water_water_carbonyl,ox=3,HFX=0.2
mn_pyr_water_carbonyl,ox=3,HFX=0.2
mn_pyr_water_carbonyl,ox=2,HFX=0.2
fe_furan_pyr_carbonyl,ox=2,HFX=0.2
cr_pyr_water_pyr,ox=2,HFX=0.2
fe_misc_furan_furan,ox=2,HFX=0.2
co_furan_pyr_misc,ox=3,HFX=0.2
co_furan_pyr_misc,ox=2,HFX=0.2
mn_carbonyl_furan_furan,ox=2,HFX=0.2
co_water_misc_misc,ox=3,HFX=0.2
co_water_misc_misc,ox=2,HFX=0.2
co_carbonyl_misc_furan,ox=2,HFX=0.2
cr_carbonyl_carbonyl_misc,ox=2,HFX=0.2
cr_water_water_furan,ox=2,HFX=0.2
mn_furan_pyr_carbonyl,ox=2,HFX=0.2
fe_water_furan_furan,ox=2,HFX=0.2
co_water_pyr_misc,ox=2,HFX=0.2
fe_misc_water_furan,ox=2,HFX=0.2
mn_water_carbonyl_furan,ox=2,HFX=0.2
co_pyr_water_misc,ox=3,HFX=0.2
co_pyr_water_misc,ox=2,HFX=0.2
mn_carbonyl_water_pyr,ox=2,HFX=0.2
mn_misc_pyr_furan,ox=2,HFX=0.2
cr_misc_furan_furan,ox=2,HFX=0.2
fe_misc_misc_furan,ox=2,HFX=0.2
co_misc_water_water,ox=2,HFX=0.2
co_misc_water_water,ox=3,HFX=0.2
fe_carbonyl_furan_furan,ox=2,HFX=0.2
fe_pyr_carbonyl_carbonyl,ox=2,HFX=0.2
fe_pyr_carbonyl_carbonyl,ox=3,HFX=0.2
fe_pyr_water_misc,ox=2,HFX=0.2
fe_pyr_water_misc,ox=3,HFX=0.2
cr_carbonyl_misc_misc,ox=3,HFX=0.2
cr_carbonyl_misc_misc,ox=2,HFX=0.2
mn_furan_carbonyl_carbonyl,ox=2,HFX=0.2
mn_pyr_carbonyl_carbonyl,ox=2,HFX=0.2
mn_pyr_carbonyl_carbonyl,ox=3,HFX=0.2
mn_pyr_pyr_furan,ox=2,HFX=0.2
mn_pyr_pyr_furan,ox=3,HFX=0.2
cr_pyr_water_furan,ox=2,HFX=0.2
fe_pyr_misc_furan,ox=2,HFX=0.2
cr_misc_pyr_misc,ox=3,HFX=0.2
cr_misc_pyr_misc,ox=2,HFX=0.2
cr_water_water_pyr,ox=2,HFX=0.2
mn_furan_carbonyl_misc,ox=2,HFX=0.2
cr_carbonyl_water_pyr,ox=2,HFX=0.2
cr_water_pyr_pyr,ox=2,HFX=0.2
cr_water_pyr_pyr,ox=3,HFX=0.2
fe_furan_water_water,ox=2,HFX=0.2
co_misc_water_furan,ox=2,HFX=0.2
fe_water_misc_misc,ox=2,HFX=0.2
fe_water_misc_misc,ox=3,HFX=0.2
mn_furan_misc_furan,ox=2,HFX=0.2
mn_furan_misc_furan,ox=3,HFX=0.2
mn_carbonyl_pyr_carbonyl,ox=2,HFX=0.2
cr_misc_carbonyl_carbonyl,ox=3,HFX=0.2
mn_misc_pyr_carbonyl,ox=2,HFX=0.2
cr_pyr_carbonyl_carbonyl,ox=3,HFX=0.2
mn_pyr_pyr_pyr,ox=2,HFX=0.2
mn_pyr_pyr_pyr,ox=3,HFX=0.2
cr_pyr_water_carbonyl,ox=3,HFX=0.2
mn_misc_pyr_pyr,ox=3,HFX=0.2
mn_misc_pyr_pyr,ox=2,HFX=0.2
mn_misc_carbonyl_misc,ox=2,HFX=0.2
mn_misc_carbonyl_misc,ox=3,HFX=0.2
cr_furan_carbonyl_carbonyl,ox=2,HFX=0.2
cr_furan_pyr_furan,ox=2,HFX=0.2
mn_carbonyl_water_misc,ox=3,HFX=0.2
mn_carbonyl_water_misc,ox=2,HFX=0.2
mn_pyr_pyr_misc,ox=3,HFX=0.2
mn_pyr_pyr_misc,ox=2,HFX=0.2
co_water_water_furan,ox=2,HFX=0.2
mn_water_pyr_carbonyl,ox=2,HFX=0.2
fe_water_pyr_furan,ox=2,HFX=0.2
cr_carbonyl_furan_furan,ox=2,HFX=0.2
cr_furan_water_misc,ox=2,HFX=0.2
cr_furan_misc_misc,ox=2,HFX=0.2
fe_carbonyl_pyr_furan,ox=2,HFX=0.2
fe_carbonyl_pyr_pyr,ox=2,HFX=0.2
fe_carbonyl_pyr_pyr,ox=3,HFX=0.2
mn_pyr_carbonyl_misc,ox=2,HFX=0.2
fe_water_pyr_misc,ox=3,HFX=0.2
fe_water_pyr_misc,ox=2,HFX=0.2
fe_furan_carbonyl_carbonyl,ox=2,HFX=0.2
cr_furan_furan_furan,ox=2,HFX=0.2
cr_pyr_water_misc,ox=2,HFX=0.2
cr_pyr_water_misc,ox=3,HFX=0.2
fe_pyr_water_carbonyl,ox=2,HFX=0.2
fe_pyr_water_carbonyl,ox=3,HFX=0.2
mn_carbonyl_misc_furan,ox=2,HFX=0.2
fe_pyr_misc_misc,ox=3,HFX=0.2
fe_pyr_misc_misc,ox=2,HFX=0.2
mn_misc_water_furan,ox=2,HFX=0.2
fe_water_misc_furan,ox=2,HFX=0.2
cr_misc_water_furan,ox=3,HFX=0.2
cr_misc_water_furan,ox=2,HFX=0.2
mn_pyr_misc_furan,ox=3,HFX=0.2
mn_pyr_misc_furan,ox=2,HFX=0.2
co_carbonyl_pyr_furan,ox=2,HFX=0.2
mn_misc_water_carbonyl,ox=2,HFX=0.2
cr_water_pyr_carbonyl,ox=3,HFX=0.2
cr_water_pyr_carbonyl,ox=2,HFX=0.2
mn_carbonyl_pyr_furan,ox=2,HFX=0.2
fe_pyr_pyr_pyr,ox=3,HFX=0.2
fe_pyr_pyr_pyr,ox=2,HFX=0.2
fe_furan_pyr_misc,ox=2,HFX=0.2
fe_furan_pyr_misc,ox=3,HFX=0.2
mn_carbonyl_pyr_misc,ox=2,HFX=0.2
mn_water_misc_misc,ox=3,HFX=0.2
mn_water_misc_misc,ox=2,HFX=0.2
fe_carbonyl_water_furan,ox=2,HFX=0.2
cr_carbonyl_misc_furan,ox=2,HFX=0.2
co_pyr_water_carbonyl,ox=3,HFX=0.2
mn_misc_misc_furan,ox=2,HFX=0.2
fe_water_carbonyl_furan,ox=2,HFX=0.2
mn_pyr_water_misc,ox=2,HFX=0.2
mn_pyr_water_misc,ox=3,HFX=0.2
mn_furan_pyr_pyr,ox=2,HFX=0.2
co_water_pyr_carbonyl,ox=3,HFX=0.2
co_water_pyr_carbonyl,ox=2,HFX=0.2
mn_pyr_water_furan,ox=2,HFX=0.2
mn_furan_water_carbonyl,ox=2,HFX=0.2
mn_pyr_furan_furan,ox=2,HFX=0.2
mn_water_water_misc,ox=3,HFX=0.2
fe_water_water_furan,ox=2,HFX=0.2
fe_furan_carbonyl_misc,ox=2,HFX=0.2
fe_furan_carbonyl_misc,ox=3,HFX=0.2
cr_carbonyl_water_furan,ox=2,HFX=0.2
mn_furan_pyr_misc,ox=3,HFX=0.2
mn_furan_pyr_misc,ox=2,HFX=0.2
fe_water_water_misc,ox=2,HFX=0.2
fe_water_water_misc,ox=3,HFX=0.2
mn_carbonyl_water_furan,ox=2,HFX=0.2
cr_water_carbonyl_furan,ox=2,HFX=0.2
